MANUFACTURER;BRAND;ITEM_DESCRIPTION;FORMAT;ATTR1;ATTR2;ATTR3;CATEGORY;ITEM_CODE
"INDS. ALEN";"CLORALEX";"CLORALEX EL RENDIDOR BOT.PLAST. 250ML NAL. 0000075000592";"LIQUIDO";"CLORO";"CLORO";"NO DEFINIDO";1;"0000075000592"
"INDS. ALEN";"CLORALEX";"CLORALEX EL RENDIDOR BOT.PLAST. 500ML NAL. 0000075000608";"LIQUIDO";"CLORO";"CLORO";"NO DEFINIDO";1;"0000075000608"
"INDS. ALEN";"CLORALEX";"CLORALEX EL RENDIDOR BOT.PLAST. 950ML NAL. 0000075000615";"LIQUIDO";"CLORO";"CLORO";"NO DEFINIDO";1;"0000075000615"
"INDS. ALEN";"CLORALEX";"CLORALEX EL RENDIDOR BOT.PLAST. 2000ML NAL 0000075000622";"LIQUIDO";"CLORO";"CLORO";"NO DEFINIDO";1;"0000075000622"
"INDS. ALEN";"CLORALEX";"CLORALEX EL RENDIDOR BOT.PLAST. 3750ML NAL 0000075000639";"LIQUIDO";"CLORO";"CLORO";"NO DEFINIDO";1;"0000075000639"
"INDS. ALEN";"CLORALEX";"CLORALEX FRESCURA CITRICA  BOT PLAST 950ML NAL 0000075000677";"LIQUIDO";"CLORO";"CLORO";"NO DEFINIDO";1;"0000075000677"
"INDS. ALEN";"CLORALEX";"CLORALEX FRESCURA CITRICA BOT PLAST 2000ML NAL 0000075000684";"LIQUIDO";"CLORO";"CLORO";"NO DEFINIDO";1;"0000075000684"
"CLOROX";"CLOROX";"CLOROX ULTIMATE  CARE BOTELLA 887 ML IMP 0044600016924";"LIQUIDO";"CLORO";"CLORO";"NO DEFINIDO";1;"0044600016924"
"INDS. ALEN";"CLORALEX";"CLORALEX REGULAR BOT 950 ML NAL 0123456808218";"LIQUIDO";"CLORO";"CLORO";"NO DEFINIDO";1;"0123456808218"
"OTHERS FABRICANTE UNIF.";"OTHERS MARCA UNIF.";"BOGAMAR CLORO BOT PLAS 980ML NAL 0616533000525";"LIQUIDO";"CLORO";"CLORO";"NO DEFINIDO";1;"0616533000525"
"OTHERS FABRICANTE UNIF.";"OTHERS MARCA UNIF.";"LA S TOTALLY AWESOME BLANQ. REGULAR GALON 3780 ML 0722429128034";"LIQUIDO";"CLORO";"CLORO";"NO DEFINIDO";1;"0722429128034"
"OTHERS FABRICANTE UNIF.";"OTHERS MARCA UNIF.";"SEVENTH GENERATION CLORO LIBRE DE BLANQUEADOR GALON 1.89LT 0732913227013";"LIQUIDO";"CLORO";"CLORO";"NO DEFINIDO";1;"0732913227013"
"OTHERS FABRICANTE UNIF.";"OTHERS MARCA UNIF.";"LA ANITA BLANQUEADOR REGULAR 3.785ML GALON NAL 0737128047005";"LIQUIDO";"CLORO";"CLORO";"NO DEFINIDO";1;"0737128047005"
"OTHERS FABRICANTE UNIF.";"OTHERS MARCA UNIF.";"LA ANITA BOT.PLAST. 1000ML NAL 0737128127004";"LIQUIDO";"CLORO";"CLORO";"NO DEFINIDO";1;"0737128127004"
"OTHERS FABRICANTE UNIF.";"OTHERS MARCA UNIF.";"LA ANITA BOT.PLAST. 500ML NAL. 0737128247009";"LIQUIDO";"CLORO";"CLORO";"NO DEFINIDO";1;"0737128247009"
"CLARASOL";"CLARASOL";"CLARASOL BLANQUEADOR REGULAR BOT PLAST 1LT NAL 0741120000005";"LIQUIDO";"CLORO";"CLORO";"NO DEFINIDO";1;"0741120000005"
"CLARASOL";"CLARASOL";"CLARASOL BLANQUEADOR REGULAR BOT PLAST 500ML NAL 0741120000012";"LIQUIDO";"CLORO";"CLORO";"NO DEFINIDO";1;"0741120000012"
"CLARASOL";"CLARASOL";"CLARASOL REGULAR SIN AROMA GARRAFON 3.785 LT 0741120000029";"LIQUIDO";"CLORO";"CLORO";"NO DEFINIDO";1;"0741120000029"
"CLARASOL";"CLARASOL";"CLARASOL BLANQUEADOR REGULAR BOT PLAS 1850 ML 0741120000036";"LIQUIDO";"CLORO";"CLORO";"NO DEFINIDO";1;"0741120000036"
"CLARASOL";"CLARASOL";"CLARASOL BOT.PLAST. 1000ML NAL 0741120010011";"LIQUIDO";"CLORO";"CLORO";"NO DEFINIDO";1;"0741120010011"
"INDS. ALEN";"CLORALEX";"CLORALEX FLORES DE BACH BOT PLAS 3.75 LT 7501025400347";"LIQUIDO";"CLORO";"CLORO";"NO DEFINIDO";1;"7501025400347"
"INDS. ALEN";"CLORALEX";"CLORALEX GERANIO Y ALOE BOT PLAS 950 ML 7501025400354";"LIQUIDO";"CLORO";"CLORO";"NO DEFINIDO";1;"7501025400354"
"INDS. ALEN";"CLORALEX";"CLORALEX GERANIO Y ALOE BOT PLAS 2 LT 7501025400361";"LIQUIDO";"CLORO";"CLORO";"NO DEFINIDO";1;"7501025400361"
"INDS. ALEN";"CLORALEX";"CLORALEX MENTA Y EUCALIPTO BOT PLAS 950 ML 7501025400385";"LIQUIDO";"CLORO";"CLORO";"NO DEFINIDO";1;"7501025400385"
"INDS. ALEN";"CLORALEX";"CLORALEX MENTA Y EUCALIPTO BOT PLAS 2 LT 7501025400392";"LIQUIDO";"CLORO";"CLORO";"NO DEFINIDO";1;"7501025400392"
"INDS. ALEN";"CLORALEX";"CLORALEX SUAVE AROMA BLANQUEADOR BOT 950ML 7501025400415";"LIQUIDO";"CLORO";"CLORO";"NO DEFINIDO";1;"7501025400415"
"INDS. ALEN";"CLORALEX";"CLORALEX SUAVE AROMA BLANQUEADOR BOT 2LT 7501025400422";"LIQUIDO";"CLORO";"CLORO";"NO DEFINIDO";1;"7501025400422"
"INDS. ALEN";"CLORALEX";"CLORALEX SUAVE AROMA BLANQUEADOR BOT 3.75LT 7501025400439";"LIQUIDO";"CLORO";"CLORO";"NO DEFINIDO";1;"7501025400439"
"INDS. ALEN";"CLORALEX";"CLORALEX EL RENDIDOR BLANQUEADOR DESINF ELIM COVID BOT 950ML 7501025400781";"LIQUIDO";"CLORO";"CLORO";"NO DEFINIDO";1;"7501025400781"
"INDS. ALEN";"CLORALUZ";"CLORALUZ BOT.PLAST. 900ML NAL. 7501025401252";"LIQUIDO";"CLORO";"CLORO";"NO DEFINIDO";1;"7501025401252"
"INDS. ALEN";"CLORALEX";"CLORALEX EL RENDIDOR BOTELLA 10000 ML NAL 7501025401306";"LIQUIDO";"CLORO";"CLORO";"NO DEFINIDO";1;"7501025401306"
"INDS. ALEN";"CLORALEX";"CLORALEX EL RENDIDOR BOT 1.17LT 7501025401535";"LIQUIDO";"CLORO";"CLORO";"NO DEFINIDO";1;"7501025401535"
"INDS. ALEN";"CLORALEX";"CLORALEX SUAVE AROMA BLANQUEADOR BOT 1.17L 7501025401566";"LIQUIDO";"CLORO";"CLORO";"NO DEFINIDO";1;"7501025401566"
"INDS. ALEN";"BLANCATEL";"BLANCATEL CONCENTRADO BOT PLAST 3750ML NAL 7501025401993";"LIQUIDO";"CLORO";"CLORO";"NO DEFINIDO";1;"7501025401993"
"INDS. ALEN";"BLANCATEL";"BLANCATEL BOT.PLAST. 930 ML. NAL. 7501025402037";"LIQUIDO";"CLORO";"CLORO";"NO DEFINIDO";1;"7501025402037"
"INDS. ALEN";"BLANCATEL";"BLANCATEL CONCENTRADO BOT PLAST 3750ML NAL 7501025402051";"LIQUIDO";"CLORO";"CLORO";"NO DEFINIDO";1;"7501025402051"
"INDS. ALEN";"BLANCATEL";"BLANCATEL FRESCURA DEL CAMPO BOT PLAST 3750ML NAL 7501025402082";"LIQUIDO";"CLORO";"CLORO";"NO DEFINIDO";1;"7501025402082"
"INDS. ALEN";"BLANCATEL";"BLANCATEL BLANQUEADOR FAMILIAR JAZMIN GFA 3.75 LT 7501025402211";"LIQUIDO";"CLORO";"CLORO";"NO DEFINIDO";1;"7501025402211"
"INDS. ALEN";"BLANCATEL";"BLANCATEL FLORAL BOT PLAST 3750ML NAL 7501025402235";"LIQUIDO";"CLORO";"CLORO";"NO DEFINIDO";1;"7501025402235"
"INDS. ALEN";"BLANCATEL";"BLANCATEL LAVANDA LIQ BOT PLAST 3750ML NAL 7501025402242";"LIQUIDO";"CLORO";"CLORO";"NO DEFINIDO";1;"7501025402242"
"INDS. ALEN";"BLANCATEL";"BLANCATEL N. BLANQUEADOR BOTELLA 3.75LT 7501025402303";"LIQUIDO";"CLORO";"CLORO";"NO DEFINIDO";1;"7501025402303"
"INDS. ALEN";"CLORALEX";"CLORALEX EL RENDIDOR BLANQUEADOR ROPA CONCENT GARRAFON 7 LT 7501025402440";"LIQUIDO";"CLORO";"CLORO";"NO DEFINIDO";1;"7501025402440"
"INDS. ALEN";"BLANCATEL";"BLANCATEL NAVIDENO BOT PLAST 3.750LT NAL 7501025402990";"LIQUIDO";"CLORO";"CLORO";"NO DEFINIDO";1;"7501025402990"
"INDS. ALEN";"CLORALEX";"CLORALEX EL RENDIDOR 60 ANIVERSARIO 950+220 ML=1170 ML NAL 7501025405311";"LIQUIDO";"CLORO";"CLORO";"NO DEFINIDO";1;"7501025405311"
"INDS. ALEN";"CLORALEX";"CLORALEX EL RENDIDOR ELIMINA 99.9 DE VIRUS Y BACTERIAS BOT 1 7501025405816";"LIQUIDO";"CLORO";"CLORO";"NO DEFINIDO";1;"7501025405816"
"INDS. ALEN";"CLORALEX";"CLORALEX AROMA CLORO LIQUIDO LAVANDA BP 2L 7501025406561";"LIQUIDO";"CLORO";"CLORO";"NO DEFINIDO";1;"7501025406561"
"INDS. ALEN";"CLORALEX";"CLORALEX AROMA CLORO LIQUIDO LAVANDA BP 3.75L 7501025406578";"LIQUIDO";"CLORO";"CLORO";"NO DEFINIDO";1;"7501025406578"
"INDS. ALEN";"CLORALEX";"CLORALEX AROMAS BLAQUEADOR LIQUIDO FLORAL GAR 10LT 7501025408404";"LIQUIDO";"CLORO";"CLORO";"NO DEFINIDO";1;"7501025408404"
"INDS. ALEN";"CLORALEX";"CLORALEX EL RENDIDOR BOT.PLAST. 700ML NAL. 7501025408947";"LIQUIDO";"CLORO";"CLORO";"NO DEFINIDO";1;"7501025408947"
"INDS. ALEN";"CLORALEX";"CLORALEX EL RENDIDOR BLANQ DESINF DEODORIZ CONCEN BP 1.65LT 7501025409104";"LIQUIDO";"CLORO";"CLORO";"NO DEFINIDO";1;"7501025409104"
"INDS. ALEN";"CLORALEX";"CLORALEX AROMA CLORO LIQUIDO FLORAL BP 950ML 7501025412104";"LIQUIDO";"CLORO";"CLORO";"NO DEFINIDO";1;"7501025412104"
"INDS. ALEN";"CLORALEX";"CLORALEX AROMA CLORO LIQUIDO FLORAL BP 3.75L 7501025412135";"LIQUIDO";"CLORO";"CLORO";"NO DEFINIDO";1;"7501025412135"
"INDS. ALEN";"CLORALEX";"CLORALEX BLANQUEADOR FLORES MEXICANAS BOT PLAS 2 LT 7501025418106";"LIQUIDO";"CLORO";"CLORO";"NO DEFINIDO";1;"7501025418106"
"INDS. ALEN";"CLORALEX";"CLORALEX ELRENDIDORLIQBP950MLPVPESP+PINOLELORIGFLORALBP828ML 7501025441319BP2";"LIQUIDO";"CLORO";"CLORO";"NO DEFINIDO";1;"7501025441319BP2"
"INDS. ALEN";"CLORALEX";"CLORALEX ELRENDIDORLIQBP950ML+PINOLELORIGCITRICOBP828MPVPESP 7501025441326BP2";"LIQUIDO";"CLORO";"CLORO";"NO DEFINIDO";1;"7501025441326BP2"
"INDS. ALEN";"CLORALEX";"MMBLANQUEADORCONC BP950ML+CLORALEX BA├æOSANTIHONGOS ATOM650ML 7501025441357BP1";"LIQUIDO";"CLORO";"CLORO";"NO DEFINIDO";1;"7501025441357BP1"
"INDS. ALEN";"CLORALEX";"CLORALEX BLANQUEADOR REG BP950ML+PINOL EL ORIGINAL LIMPBP1LT 7501025441463BP2";"LIQUIDO";"CLORO";"CLORO";"NO DEFINIDO";1;"7501025441463BP2"
"INDS. ALEN";"CLORALEX";"CLORALEX EL RENDIDOR LIQ BP950ML+MM EL RENDIDOR GEL BP950ML 7501025441487BP1";"LIQUIDO";"CLORO";"CLORO";"NO DEFINIDO";1;"7501025441487BP1"
"INDS. ALEN";"CLORALEX";"CLORALEX EL RENDIDOR BOT 1900+100ML= 2LT 7501025450212";"LIQUIDO";"CLORO";"CLORO";"NO DEFINIDO";1;"7501025450212"
"INDS. ALEN";"CLORALEX";"CLORALEX EL RENDIDOR CONCENTRADO BOT 1800ML C/G 200ML = 2 LT 7501025450274";"LIQUIDO";"CLORO";"CLORO";"NO DEFINIDO";1;"7501025450274"
"INDS. ALEN";"CLORALEX";"CLORALEX EL RENDIDOR BOT PLAST 3750ML+300ML GRATIS 4050ML 7501025450632";"LIQUIDO";"CLORO";"CLORO";"NO DEFINIDO";1;"7501025450632"
"INDS. ALEN";"CLORALEX";"CLORALEX RENDIDOR BOT 950ML+MM MASCOTAS BOT 950ML 7501025450984BP1";"LIQUIDO";"CLORO";"CLORO";"NO DEFINIDO";1;"7501025450984BP1"
"LA CORONA";"PURO SOL";"CLORO PURO SOL BOT PLAS 1000 ML LA CORONA 7501026030109";"LIQUIDO";"CLORO";"CLORO";"NO DEFINIDO";1;"7501026030109"
"OTHERS FABRICANTE UNIF.";"OTHERS MARCA UNIF.";"MYRSEL CLORO INCOLORO E INHOLORO GARRAFON 20LTS NAL 7501041508652";"LIQUIDO";"CLORO";"CLORO";"NO DEFINIDO";1;"7501041508652"
"QUIMICA GONCAL";"PATITO";"PATITO CLORO PATITO BOT.PLAST.960 ML NAL. 7501042300033";"LIQUIDO";"CLORO";"CLORO";"NO DEFINIDO";1;"7501042300033"
"QUIMICA GONCAL";"CLORTEX";"CLORTEX BLANQUEADOR BOT 1890ML NAL 7501042301733";"LIQUIDO";"CLORO";"CLORO";"NO DEFINIDO";1;"7501042301733"
"QUIMICA GONCAL";"CLORTEX";"CLORTEX BLANQUEADOR CONCENTRADO SIN AROMA GARRAFON 3.75 LT 7501042301740";"LIQUIDO";"CLORO";"CLORO";"NO DEFINIDO";1;"7501042301740"
"QUIMICA GONCAL";"CLORTEX";"CLORTEX BOT PLAS 950 ML NAL. 7501042301757";"LIQUIDO";"CLORO";"CLORO";"NO DEFINIDO";1;"7501042301757"
"QUIMICA GONCAL";"CLORTEX";"CLORTEX AROMA FLORAL BOT PLAS 3750ML NAL 7501042301764";"LIQUIDO";"CLORO";"CLORO";"NO DEFINIDO";1;"7501042301764"
"QUIMICA GONCAL";"CLORTEX";"CLORTEX AROMA LAVANDA BOT PLAS 3750ML NAL 7501042301771";"LIQUIDO";"CLORO";"CLORO";"NO DEFINIDO";1;"7501042301771"
"QUIMICA GONCAL";"CLORTEX";"CLORTEX AROMA MANZANA VERDE BOT PLAS 3750ML NAL 7501042301788";"LIQUIDO";"CLORO";"CLORO";"NO DEFINIDO";1;"7501042301788"
"CLOROX";"CLOROX";"CLOROX REGULAR CONCENTRADO BOTPLAST.225 ML 7501071900105";"LIQUIDO";"CLORO";"CLORO";"NO DEFINIDO";1;"7501071900105"
"CLOROX";"CLOROX";"CLOROX REGULAR CONCENTRADO BOT PLAS 500 ML 7501071900112";"LIQUIDO";"CLORO";"CLORO";"NO DEFINIDO";1;"7501071900112"
"CLOROX";"CLOROX";"CLOROX REGULAR CONCENTRADO BOTPLAST.930 ML 7501071900129";"LIQUIDO";"CLORO";"CLORO";"NO DEFINIDO";1;"7501071900129"
"CLOROX";"CLOROX";"CLOROX REGULAR CONCENTRADO BOTPLAST.1890ML 7501071900136";"LIQUIDO";"CLORO";"CLORO";"NO DEFINIDO";1;"7501071900136"
"CLOROX";"CLOROX";"CLOROX REGULAR CONCENTRADO BOTPLAST.3800ML 7501071900143";"LIQUIDO";"CLORO";"CLORO";"NO DEFINIDO";1;"7501071900143"
"CLOROX";"CLOROX";"CLOROX FLORAL BOTELLA 930 ML. 7501071900228";"LIQUIDO";"CLORO";"CLORO";"NO DEFINIDO";1;"7501071900228"
"CLOROX";"CLOROX";"CLOROX FLORAL BOTELLA 3800 ML. 7501071900242";"LIQUIDO";"CLORO";"CLORO";"NO DEFINIDO";1;"7501071900242"
"CLOROX";"CLOROX";"CLOROX CONCENTRADO BLANQUEADOR BOT.PLAS 10000ML NAL 7501071901393";"LIQUIDO";"CLORO";"CLORO";"NO DEFINIDO";1;"7501071901393"
"CLOROX";"CLOROX";"CLOROX CONCENTRAD REG BOT 3800ML C/GMM ROPA BLANCA 495ML NAL 7501071902475BP2";"LIQUIDO";"CLORO";"CLORO";"NO DEFINIDO";1;"7501071902475BP2"
"CLOROX";"CLOROX";"CLOROX CONCENTRADO REG BOT PLAS 3800ML C/GMM DESENG 495ML NA 7501071902918BP2";"LIQUIDO";"CLORO";"CLORO";"NO DEFINIDO";1;"7501071902918BP2"
"CLOROX";"CLOROX";"CLOROX AROMA AIRE BOSQUE BOT PLAST 3800ML NAL 7501071902949";"LIQUIDO";"CLORO";"CLORO";"NO DEFINIDO";1;"7501071902949"
"CLOROX";"CLOROX";"CLOROX BLANQUEADOR CONCENTRADO 5.8L NAL 7501071902956";"LIQUIDO";"CLORO";"CLORO";"NO DEFINIDO";1;"7501071902956"
"CLOROX";"CLOROX";"CLOROX AROMA MAGIA FLORAL BOT PLAST 930ML NAL 7501071903304";"LIQUIDO";"CLORO";"CLORO";"NO DEFINIDO";1;"7501071903304"
"CLOROX";"CLOROX";"CLOROX AROMA MAGIA FLORAL BOT PLAST 3800ML NAL 7501071903311";"LIQUIDO";"CLORO";"CLORO";"NO DEFINIDO";1;"7501071903311"
"CLOROX";"CLOROX";"CLOROX AROMA MENTA FRESCA BOT PLAST 930ML NAL 7501071903335";"LIQUIDO";"CLORO";"CLORO";"NO DEFINIDO";1;"7501071903335"
"CLOROX";"CLOROX";"CLOROX AROMA MENTA FRESCA BOT PLAST 3800ML NAL 7501071903342";"LIQUIDO";"CLORO";"CLORO";"NO DEFINIDO";1;"7501071903342"
"CLOROX";"CLOROX";"CLOROX AROMA PUREZA CITRICA BOT PLAST 930ML NAL 7501071903359";"LIQUIDO";"CLORO";"CLORO";"NO DEFINIDO";1;"7501071903359"
"CLOROX";"CLOROX";"CLOROX AROMA PUREZA CITRICA BOT PLAST 3800ML NAL 7501071903366";"LIQUIDO";"CLORO";"CLORO";"NO DEFINIDO";1;"7501071903366"
"CLOROX";"CLOROX";"CLOROX AROMA MAGIA FLORAL BOT PLAST 500ML NAL 7501071903427";"LIQUIDO";"CLORO";"CLORO";"NO DEFINIDO";1;"7501071903427"
"CLOROX";"CLOROX";"CLOROX AROMA MAGIA FLORAL BOT PLAS 1890 ML NAL 7501071903854";"LIQUIDO";"CLORO";"CLORO";"NO DEFINIDO";1;"7501071903854"
"CLOROX";"CLOROX";"CLOROX PUREZA CITRICA BOT PLAS 1.89 LT 7501071903861";"LIQUIDO";"CLORO";"CLORO";"NO DEFINIDO";1;"7501071903861"
"CLOROX";"CLOROX";"CLOROX BLANQUEADOR TOTAL AIRES DE NAVIDAD BOT 1.89LT 7501071905537";"LIQUIDO";"CLORO";"CLORO";"NO DEFINIDO";1;"7501071905537"
"CLOROX";"CLOROX";"CLOROX REG CONCENTRADO 20% GRATIS BOTE 1.89LT NAL 7501071905551";"LIQUIDO";"CLORO";"CLORO";"NO DEFINIDO";1;"7501071905551"
"CLOROX";"CLOROX";"CLOROX TRIPLE ACCION BLANQUEADOR PUREZA CITRICA GALON 10L 7501071907517";"LIQUIDO";"CLORO";"CLORO";"NO DEFINIDO";1;"7501071907517"
"CLOROX";"CLOROX";"CLOROX BLANQUEADOR PUREZA CITRICA GALON 10L 7501071907784";"LIQUIDO";"CLORO";"CLORO";"NO DEFINIDO";1;"7501071907784"
"CLOROX";"CLOROX";"CLOROX  BLANQUEADOR LIQ. BOT 500ML +MM PINZAS P/ROPA NAL 7501126570598";"LIQUIDO";"CLORO";"CLORO";"NO DEFINIDO";1;"7501126570598"
"INDS. ALEN";"CLORALEX";"CLORALEX AROMA CLORO LIQUIDO FLORAL BP 2L 7501205412122";"LIQUIDO";"CLORO";"CLORO";"NO DEFINIDO";1;"7501205412122"
"BLANQUEADORA MEXICANA";"LA VALENCIANA";"LA VALENCIANA BOT.PLAST. 1000ML NAL. 7501268200001";"LIQUIDO";"CLORO";"CLORO";"NO DEFINIDO";1;"7501268200001"
"BLANQUEADORA MEXICANA";"LOS PATITOS";"LOS PATITOS SUPER.CONCENT.BOTELLA 1000ML NAL. 7501268200025";"LIQUIDO";"CLORO";"CLORO";"NO DEFINIDO";1;"7501268200025"
"BLANQUEADORA MEXICANA";"LOS PATITOS";"LOS PATITOS BLANQUEADOR REGULAR BOT PLAST 2 LT NAL 7501268200049";"LIQUIDO";"CLORO";"CLORO";"NO DEFINIDO";1;"7501268200049"
"BLANQUEADORA MEXICANA";"LOS PATITOS";"LOS PATITOS BOT.PLAST. 4000 MLNAL. 7501268200070";"LIQUIDO";"CLORO";"CLORO";"NO DEFINIDO";1;"7501268200070"
"BLANQUEADORA MEXICANA";"LOS PATITOS";"LOS PATITOS BLANQUEADOR REGULAR BOT PLAST 6LT NAL 7501268200261";"LIQUIDO";"CLORO";"CLORO";"NO DEFINIDO";1;"7501268200261"
"BLANQUEADORA MEXICANA";"LA VALENCIANA";"LA VALENCIANA BLANQUEADOR REGULAR BOT PLAS 4000 ML 7501268200339";"LIQUIDO";"CLORO";"CLORO";"NO DEFINIDO";1;"7501268200339"
"BLANQUEADORA MEXICANA";"LA VALENCIANA";"LA VALENCIANA BLANQUEADOR REGULAR BOT PLAS 2000 ML 7501268200506";"LIQUIDO";"CLORO";"CLORO";"NO DEFINIDO";1;"7501268200506"
"BLANQUEADORA MEXICANA";"LOS PATITOS";"LOS PATITOS BLANQUEADOR P.ROPA BOT 920ML 7501268200513";"LIQUIDO";"CLORO";"CLORO";"NO DEFINIDO";1;"7501268200513"
"JABONERA LA ESPUMA";"BANDERA";"BANDERA BLANQUEADOR LIMPIA DESEINFECTA BOT PLAS 960 ML 7501681100018";"LIQUIDO";"CLORO";"CLORO";"NO DEFINIDO";1;"7501681100018"
"JABONERA LA ESPUMA";"BANDERA";"B'CLORHADA BLANQUEADOR CONCENTRADO BOT 960 ML 7501681100049";"LIQUIDO";"CLORO";"CLORO";"NO DEFINIDO";1;"7501681100049"
"JABONERA LA ESPUMA";"BANDERA";"BANDERA BOT.PLAS 3800ML NAL 7501681100087";"LIQUIDO";"CLORO";"CLORO";"NO DEFINIDO";1;"7501681100087"
"JABONERA LA ESPUMA";"BANDERA";"BANDERA BOT PLAST LAVANDA 3.8LT NAL 7501681100209";"LIQUIDO";"CLORO";"CLORO";"NO DEFINIDO";1;"7501681100209"
"JABONERA LA ESPUMA";"BANDERA";"BANDERA BOT PLAST LIMON 3.8LT NAL 7501681100216";"LIQUIDO";"CLORO";"CLORO";"NO DEFINIDO";1;"7501681100216"
"JABONERA LA ESPUMA";"BANDERA";"BANDERA CLORHADA BLANQUEADOR CONCENTRADO LIMON BOT 4LT 7501681100223";"LIQUIDO";"CLORO";"CLORO";"NO DEFINIDO";1;"7501681100223"
"JABONERA LA ESPUMA";"BANDERA";"BANDERA AROMA LIMON BOT 2000 ML NAL 7501681100247";"LIQUIDO";"CLORO";"CLORO";"NO DEFINIDO";1;"7501681100247"
"JABONERA LA ESPUMA";"BANDERA";"BANDERA CLORHADA BLANQUEADOR AROMA LIMON BOT PLAS 3.8 LT 7501681100414";"LIQUIDO";"CLORO";"CLORO";"NO DEFINIDO";1;"7501681100414"
"JABONERA LA ESPUMA";"BANDERA";"BANDERA CLORHADA AROMA NAVIDENO BOT PLAS 3.8 LT 7501681100438";"LIQUIDO";"CLORO";"CLORO";"NO DEFINIDO";1;"7501681100438"
"JABONERA LA ESPUMA";"BANDERA";"BANDERA CLORHADA FLORES EXOTICAS GARRAFON 3.8 L NAL 7501681100445";"LIQUIDO";"CLORO";"CLORO";"NO DEFINIDO";1;"7501681100445"
"JABONERA LA ESPUMA";"BANDERA";"B'CLORHADA BLANQ CONCENT BOT 960 ML+MM CLORO GEL+DET BOT 1LT 7501681100643BP2";"LIQUIDO";"CLORO";"CLORO";"NO DEFINIDO";1;"7501681100643BP2"
"JABONERA LA ESPUMA";"BANDERA";"B'CLORHADA BLANQ CONC BOT 960 ML+MM CLORO+DET MASCOT BOT 1 L 7501681100650BP2";"LIQUIDO";"CLORO";"CLORO";"NO DEFINIDO";1;"7501681100650BP2"
"JABONERA LA ESPUMA";"BANDERA";"BANDERA CLORHADA CLORO CONCENTRADO SIN AROMA BOT 3.8LT 7501681100766";"LIQUIDO";"CLORO";"CLORO";"NO DEFINIDO";1;"7501681100766"
"JABONERA LA ESPUMA";"BANDERA";"BANDERA CLORHADA CONCENTRADO BOT. PLAS 2000 ML NAL 7501681100773";"LIQUIDO";"CLORO";"CLORO";"NO DEFINIDO";1;"7501681100773"
"OTHERS FABRICANTE UNIF.";"OTHERS MARCA UNIF.";"STORM DESINFECTANTE Y BLANCURA BOTE DE 3.785 7502267450312";"LIQUIDO";"CLORO";"CLORO";"NO DEFINIDO";1;"7502267450312"
"OTHERS FABRICANTE UNIF.";"OTHERS MARCA UNIF.";"CLOROMAX BOT.PLAS 1000ML 7503000256017";"LIQUIDO";"CLORO";"CLORO";"NO DEFINIDO";1;"7503000256017"
"OTHERS FABRICANTE UNIF.";"OTHERS MARCA UNIF.";"MAS CLORO BLANQUEADOR BOT 1.89LT 7503031116083";"LIQUIDO";"CLORO";"CLORO";"NO DEFINIDO";1;"7503031116083"
"OTHERS FABRICANTE UNIF.";"OTHERS MARCA UNIF.";"LA SILLA CLORO REGULAR GARRAFON 3.75 LT NAL 7503544040257";"LIQUIDO";"CLORO";"CLORO";"NO DEFINIDO";1;"7503544040257"
"INDS. ALEN";"CLORALEX";"CLORALEX AROMAS BLANQUEADOR C/AROMA LAVANDA GARRAFA 10LTS 7501025412142";"LIQUIDO";"CLORO";"CLORO";"NO DEFINIDO";1;"7501025412142"
"INDS. ALEN";"CLORALEX";"CLORALEX EL RENDIDOR BOT PLAST 2LT";"LIQUIDO";"CLORO";"CLORO";"NO DEFINIDO";1;"503"
"CLOROX";"CLOROX";"CLOROX BLANQ930M+MMBLANQINOD709M+MMFIBRAULTRA1P+MMCUBETA1P 7502240948188BP1";"LIQUIDO";"CLORO";"CLORO";"NO DEFINIDO";1;"7502240948188BP1"
"INDS. ALEN";"CLORALEX";"CLORALEX FANTASIA FLORAL BOT PLAST 950ML NAL 0000075000646";"LIQUIDO";"CLORO";"CLORO";"OTR. TIPOS";1;"0000075000646"
"INDS. ALEN";"CLORALEX";"CLORALEX FANTASIA FLORAL BOT PLAST 2000 ML NAL 0000075000653";"LIQUIDO";"CLORO";"CLORO";"OTR. TIPOS";1;"0000075000653"
"QUIMICA GONCAL";"PATITO";"PATITO BOTELLA 245 ML. 0000075010539";"LIQUIDO";"CLORO";"CLORO";"OTR. TIPOS";1;"0000075010539"
"OTHERS FABRICANTE UNIF.";"OTHERS MARCA UNIF.";"9VALUE CLORO SPECIAL BOT PLAST 3780ML 0041380309109";"LIQUIDO";"CLORO";"CLORO";"OTR. TIPOS";1;"0041380309109"
"OTHERS FABRICANTE UNIF.";"OTHERS MARCA UNIF.";"SPECIAL VALUE CLORO BLANQUEADOR REGULAR BOT  3.79 LT 0041380309116";"LIQUIDO";"CLORO";"CLORO";"OTR. TIPOS";1;"0041380309116"
"ARTIC WHITE";"ARTIC WHITE";"9ARCTIC WHITE FRESCO BOT.PLAS 3.79ML MP 0041596020959";"LIQUIDO";"CLORO";"CLORO";"OTR. TIPOS";1;"0041596020959"
"CLOROX";"CLOROX";"9CLOROX REGULAR BOT.PLA 946ML IMP 0044600002033";"LIQUIDO";"CLORO";"CLORO";"OTR. TIPOS";1;"0044600002033"
"OTHERS FABRICANTE UNIF.";"OTHERS MARCA UNIF.";"POWER HOUSE BLANQUEADOR REGULAR BOT.PLAS 22OZ=651ML IMP 0048155906310";"LIQUIDO";"CLORO";"CLORO";"OTR. TIPOS";1;"0048155906310"
"OTHERS FABRICANTE UNIF.";"OTHERS MARCA UNIF.";"BOGAMAR BOTELLA 3750 ML NAL 0616533000532";"LIQUIDO";"CLORO";"CLORO";"OTR. TIPOS";1;"0616533000532"
"INDS. ALEN";"CLORALEX";"CLORALEX FLORES DE BACH BOT PLAS 950 ML 7501025400323";"LIQUIDO";"CLORO";"CLORO";"OTR. TIPOS";1;"7501025400323"
"INDS. ALEN";"CLORALEX";"CLORALEX FLORES DE BACH BOT PLAS 2 LT 7501025400330";"LIQUIDO";"CLORO";"CLORO";"OTR. TIPOS";1;"7501025400330"
"INDS. ALEN";"CLORALEX";"CLORALEX GERANIO Y ALOE BOT PLAS 3.75 LT 7501025400378";"LIQUIDO";"CLORO";"CLORO";"OTR. TIPOS";1;"7501025400378"
"INDS. ALEN";"CLORALEX";"CLORALEX MENTA Y EUCALIPTO BOT PLAS 3.75 LT 7501025400408";"LIQUIDO";"CLORO";"CLORO";"OTR. TIPOS";1;"7501025400408"
"INDS. ALEN";"CLORALEX";"CLORALEX CLORO GERMICIDA REGULAR 950 ML 7501025400767";"LIQUIDO";"CLORO";"CLORO";"GERMICIDA";1;"7501025400767"
"INDS. ALEN";"CLORALEX";"CLORALEX AROMA SENSACION FRUTAL BOT PLAST 3750ML 7501025401047";"LIQUIDO";"CLORO";"CLORO";"OTR. TIPOS";1;"7501025401047"
"INDS. ALEN";"CLORALEX";"CLORALEX BAMBINO BOT PLAST 950ML NAL 7501025401061";"LIQUIDO";"CLORO";"CLORO";"BAMBINO";1;"7501025401061"
"INDS. ALEN";"CLORALEX";"CLORALEX BAMBINO BOT PLAST 2000ML NAL 7501025401078";"LIQUIDO";"CLORO";"CLORO";"ROPA BEBE";1;"7501025401078"
"INDS. ALEN";"CLORALEX";"CLORALEX BLANQUEDOR ESENCIAS DE MARSELLA BOTPLAS 950ML NAL 7501025401115";"LIQUIDO";"CLORO";"CLORO";"OTR. TIPOS";1;"7501025401115"
"INDS. ALEN";"CLORALEX";"CLORALEX ESENCIAS DE MARSELLA BOT PLAS 2000 ML NAL 7501025401122";"LIQUIDO";"CLORO";"CLORO";"OTR. TIPOS";1;"7501025401122"
"INDS. ALEN";"CLORALEX";"CLORALEX BRISA FRESCA BOT PLAST 950ML NAL 7501025401511";"LIQUIDO";"CLORO";"CLORO";"OTR. TIPOS";1;"7501025401511"
"INDS. ALEN";"CLORALEX";"CLORALEX EXTRA BRISA FRESCA BOT PLAST 2LTS NAL 7501025401528";"LIQUIDO";"CLORO";"CLORO";"OTR. TIPOS";1;"7501025401528"
"INDS. ALEN";"CLORALEX";"CLORALEX EXTRA BRISA FRESCA 375OML NAL 7501025401641";"LIQUIDO";"CLORO";"CLORO";"OTR. TIPOS";1;"7501025401641"
"INDS. ALEN";"CLORALEX";"CLORALEX EDICION RETRO BOTELLA 2000 ML 7501025403423";"LIQUIDO";"CLORO";"CLORO";"OTR. TIPOS";1;"7501025403423"
"INDS. ALEN";"CLORALEX";"CLORALEX MASCOTAS LIMP DESINFECT C/CLORO BP C/G750ML=3.750LT 7501025409470";"LIQUIDO";"CLORO";"CLORO";"MASCOTAS";1;"7501025409470"
"INDS. ALEN";"CLORALEX";"CLORALEX MASCOTAS LIM C/CLORO+DETERGENTE CITRICO BP 1.65L 7501025411893";"LIQUIDO";"CLORO";"CLORO";"MASCOTAS";1;"7501025411893"
"INDS. ALEN";"CLORALEX";"CLORALEX AREA MASCOTAS BOTELLA 1800ML + 200ML = 2 LT 7501025411978";"LIQUIDO";"CLORO";"CLORO";"MASCOTAS";1;"7501025411978"
"INDS. ALEN";"CLORALEX";"CLORALEX MASCOTAS BOT PLAST 950ML NAL 7501025411992";"LIQUIDO";"CLORO";"CLORO";"MASCOTAS";1;"7501025411992"
"INDS. ALEN";"CLORALEX";"CLORALEX MASCOTAS BOT PLAST 3750ML NAL 7501025412005";"LIQUIDO";"CLORO";"CLORO";"MASCOTAS";1;"7501025412005"
"INDS. ALEN";"CLORALEX";"CLORALEX MASCOTAS BOT PLAST 5000ML NAL 7501025412012";"LIQUIDO";"CLORO";"CLORO";"MASCOTAS";1;"7501025412012"
"INDS. ALEN";"CLORALEX";"CLORALEX EL RENDIDOR CLORO LIQ DESINFECT C/G500ML BOT=3.75L 7501025412357";"LIQUIDO";"CLORO";"CLORO";"MULTIUSOS";1;"7501025412357"
"INDS. ALEN";"CLORALEX";"CLORALEX REGULAR LIQ BOT PLAS 950ML C/MM ROPA COLOR 950ML 7501025450618BP1";"LIQUIDO";"CLORO";"CLORO";"OTR. TIPOS";1;"7501025450618BP1"
"INDS. ALEN";"CLORALEX";"CLORALEX MASCOTAS LA PAREJA PERFECTA 2BOT 950ML C\U 7501025450984";"LIQUIDO";"CLORO";"CLORO";"MASCOTAS";1;"7501025450984"
"INDS. ALEN";"CLORALEX";"CLORALEX MASCOTAS BOT 950ML+MM RENDIDOR BOT 950ML 7501025450984BP2";"LIQUIDO";"CLORO";"CLORO";"MASCOTAS";1;"7501025450984BP2"
"INDS. ALEN";"CLORALEX";"CLORALEX MASCOTAS INTERIOR BOT C/ATOM 650ML NAL 7501025454012";"LIQUIDO";"CLORO";"CLORO";"MASCOTAS";1;"7501025454012"
"INDS. ALEN";"CLORALEX";"CLORALEX MASCOTAS INTERIOR BOT PLAST 950ML NAL 7501025454029";"LIQUIDO";"CLORO";"CLORO";"MASCOTAS";1;"7501025454029"
"INDS. ALEN";"CLORALEX";"CLORALEX AROMA MUJER CAMPANA UNIDAS CONTIGO 3.750 LT 7501025459208";"LIQUIDO";"CLORO";"CLORO";"OTR. TIPOS";1;"7501025459208"
"LA CORONA";"CARISMA";"CARISMA CLORO BOTELLA 1LT 7501026005800";"LIQUIDO";"CLORO";"CLORO";"OTR. TIPOS";1;"7501026005800"
"QUIMICA GONCAL";"PATITO";"CLORO PATITO BOT PLAS 3750 ML NAL. 7501042300057";"LIQUIDO";"CLORO";"CLORO";"OTR. TIPOS";1;"7501042300057"
"QUIMICA GONCAL";"CLORO 10";"CLORO 10 BOTELLA  950 ML 7501042304604";"LIQUIDO";"CLORO";"CLORO";"OTR. TIPOS";1;"7501042304604"
"QUIMICA GONCAL";"CLORO 10";"CLORO 10 BOTELLA 3900 ML NAL. 7501042304611";"LIQUIDO";"CLORO";"CLORO";"OTR. TIPOS";1;"7501042304611"
"QUIMICA GONCAL";"CLORTEX";"CLORTEX BLANQUEADOR CONCENTRADO BOTELLA PLA 2.84 LT NAL 7501042305762";"LIQUIDO";"CLORO";"CLORO";"OTR. TIPOS";1;"7501042305762"
"QUIMICA GONCAL";"CLORTEX";"CLORTEX BLANQUEADOR MASCOTAS BOTELLA 3.75 LT 7501042306561";"LIQUIDO";"CLORO";"CLORO";"MASCOTAS";1;"7501042306561"
"CLOROX";"CLOROX";"CLOROX LIMON 930 ML.NAL.      . 7501071900174";"LIQUIDO";"CLORO";"CLORO";"OTR. TIPOS";1;"7501071900174"
"CLOROX";"CLOROX";"CLOROX MENTA FRESCA BOT.PLAS 930ML NAL 7501071901867";"LIQUIDO";"CLORO";"CLORO";"OTR. TIPOS";1;"7501071901867"
"CLOROX";"CLOROX";"CLOROX MENTA FRESCA BOT.PLAS 3800ML NAL 7501071901874";"LIQUIDO";"CLORO";"CLORO";"OTR. TIPOS";1;"7501071901874"
"CLOROX";"CLOROX";"CLOROX BOT.PLAS 3.8ML C/G POETT PRIMAVERA BOT PLAS 450ML 7501071902055";"LIQUIDO";"CLORO";"CLORO";"OTR. TIPOS";1;"7501071902055"
"CLOROX";"CLOROX";"CLOROX BEBE BOT PLAST 930 ML NAL 7501071902369";"LIQUIDO";"CLORO";"CLORO";"ROPA BEBE";1;"7501071902369"
"CLOROX";"CLOROX";"CLOROX BEBE BOT PLAST 1890 ML NAL 7501071902376";"LIQUIDO";"CLORO";"CLORO";"ROPA BEBE";1;"7501071902376"
"CLOROX";"CLOROX";"CLOROX BEBE BOT PALST 1890ML C/G POETT BEBE 450 ML 7501071902819";"LIQUIDO";"CLORO";"CLORO";"OTR. TIPOS";1;"7501071902819"
"CLOROX";"CLOROX";"CLOROX AROMA AIRE BOSQUE BOT PLAST 930ML NAL 7501071902932";"LIQUIDO";"CLORO";"CLORO";"OTR. TIPOS";1;"7501071902932"
"CLOROX";"CLOROX";"CLOROX MASCOTAS BLANQUEADOR+DETERGENTE GALON 10L 7501071907197";"LIQUIDO";"CLORO";"CLORO";"MASCOTAS";1;"7501071907197"
"CLOROX";"CLOROX";"CLOROX MASCOTAS CLORO DESINFECT C/DETERGENTE BP 930ML 7501071907401";"LIQUIDO";"CLORO";"CLORO";"MASCOTAS";1;"7501071907401"
"CLOROX";"CLOROX";"CLOROX MASCOTAS CLORO DESINFECTANTE C/DETERGENTE GARRF 3.8L 7501071907425";"LIQUIDO";"CLORO";"CLORO";"MASCOTAS";1;"7501071907425"
"BLANQUEADORA MEXICANA";"LOS PATITOS";"LOS PATITOS BLANQUEADOR REGULAR CONCENTRADO BOT 10LT NAL 7501268200322";"LIQUIDO";"CLORO";"CLORO";"OTR. TIPOS";1;"7501268200322"
"JABONERA LA ESPUMA";"BANDERA";"BCLORHADA CLORO+DETERGENTE MASCOTAS BOTELLA 1 LT 7501681100421";"LIQUIDO";"CLORO";"CLORO";"MASCOTAS";1;"7501681100421"
"JABONERA LA ESPUMA";"BANDERA";"B'CLORHADA CLORO+DET MASCOT BOT 1 L+MM BLANQ CONC BOT 960 ML 7501681100650BP1";"LIQUIDO";"CLORO";"CLORO";"MASCOTAS";1;"7501681100650BP1"
"JABONERA LA ESPUMA";"BANDERA";"BCLORHADA CLORO+DETERGENTE MASCOTAS BOTELLA 3.8LT 7501681100674";"LIQUIDO";"CLORO";"CLORO";"MASCOTAS";1;"7501681100674"
"JABONERA LA ESPUMA";"BANDERA";"BANDERA CLORHADA AROMA NAVIDENO BOT PLAS 5 LT 7501681100810";"LIQUIDO";"CLORO";"CLORO";"OTR. TIPOS";1;"7501681100810"
"JABONERA LA ESPUMA";"BANDERA";"BANDERA CLORHADA BLAN REGULAR LIQUIDO BOTELLA 5000ML NAL 7501681101084";"LIQUIDO";"CLORO";"CLORO";"OTR. TIPOS";1;"7501681101084"
"CLOROX";"CLOROX";"CLOROXCLOROREG930M+MMTLTBWL709M+MMFIBESP1P+MMFIBVDE1P/GMMCAN 7502240947471BP4";"LIQUIDO";"CLORO";"CLORO";"OTR. TIPOS";1;"7502240947471BP4"
"CLOROX";"CLOROX";"CLOROXCLORREG930M+MMCLEANUPAT946+MMFIBESP1+MMFIBVDE1/GMMCANS 7502240947488BP4";"LIQUIDO";"CLORO";"CLORO";"OTR. TIPOS";1;"7502240947488BP4"
"OTHERS FABRICANTE UNIF.";"OTHERS MARCA UNIF.";"CRATER CLEAN CLORO BOT PLAS 3790ML NAL 7503018718675";"LIQUIDO";"CLORO";"CLORO";"OTR. TIPOS";1;"7503018718675"
"JABONERA LA ESPUMA";"BCLORHADA";"BCLORHADA MASC DET DES C/CLOR1L+MM MASCHOGAR DET DESS/CLOR1L 7501681101305BP1";"LIQUIDO";"CLORO";"CLORO";"MASCOTAS";1;"7501681101305BP1"
"CLOROX";"CLOROX";"CLOROX MASCOTAS BLANQUEADOR+DETERGENTE GALON 10L";"LIQUIDO";"CLORO";"CLORO";"MASCOTAS";1;"504"
"P&G";"TIDE";"9TIDE LIPIADOR DE ROPA QUITAMANCHAS PLUMON 10 ML IMP 0037000018704";"LIQUIDO";"SAFE BLEACH";"FABRIC TREATMENT";"PRE LAVADOR";1;"0037000018704"
"INDS. ALEN";"CLORALEX";"CLORALEX COLOR VINEGAR POWER BOTE 1.8LT 0043152007114";"LIQUIDO";"SAFE BLEACH";"FABRIC TREATMENT";"COLOR PODER VINAGRE";1;"0043152007114"
"CLOROX";"CLOROX";"CLOROX 2 DARKS&DENIM STAIN REMOVER BOT 975ML 0044600312804";"LIQUIDO";"SAFE BLEACH";"FABRIC TREATMENT";"ROPA COLOR";1;"0044600312804"
"SC JOHNSON";"SHOUT";"SHOUT TRIPLE ACCION LAUNDRY STAIN REMOVER BOT C/ATOM 650 ML 0046500022517";"LIQUIDO";"SAFE BLEACH";"FABRIC TREATMENT";"PRE LAVADOR";1;"0046500022517"
"SC JOHNSON";"SHOUT";"SHOUT TRIPLE ACCION LAUNDRY/STAIN REMOVER BOTELLA 1.77 LT 0046500022746";"LIQUIDO";"SAFE BLEACH";"FABRIC TREATMENT";"PRE LAVADOR";1;"0046500022746"
"SC JOHNSON";"SHOUT";"SHOUT LAUNDRY STAIN REMOVER BOTELLA C/ATOMIZADOR 650 ML 0046500729355";"LIQUIDO";"SAFE BLEACH";"FABRIC TREATMENT";"PRE LAVADOR";1;"0046500729355"
"CHURCH & DWIGHT";"OXI CLEAN";"OXI CLEAN REMOVEDOR DE MANCHAS BOTE 636ML 0757037516935";"LIQUIDO";"SAFE BLEACH";"FABRIC TREATMENT";"PRE LAVADOR";1;"0757037516935"
"INDS. ALEN";"RADIANTE";"RADIANTE QUITA MANCHAS P/ROPA BOT 1000ML NAL 7501025400903";"LIQUIDO";"SAFE BLEACH";"FABRIC TREATMENT";"OTR. TIPOS";1;"7501025400903"
"INDS. ALEN";"CLORALEX";"CLORALEX COLOR QUITAMANCHAS PARA ROPA BOT 500 ML NAL 7501025400927";"LIQUIDO";"SAFE BLEACH";"FABRIC TREATMENT";"PRE LAVADOR";1;"7501025400927"
"INDS. ALEN";"CLORALEX";"CLORALEX COLOR QUITAMANCHAS P/ROPA BOT 950 ML NAL 7501025400941";"LIQUIDO";"SAFE BLEACH";"FABRIC TREATMENT";"PRE LAVADOR";1;"7501025400941"
"INDS. ALEN";"CLORALEX";"CLORALEX COLOR QUITAMANCHAS ROPA BOT 1800 ML NAL 7501025400958";"LIQUIDO";"SAFE BLEACH";"FABRIC TREATMENT";"PRE LAVADOR";1;"7501025400958"
"INDS. ALEN";"CLORALEX";"CLORALEX COLOR PODER VINAGRE QUITAMANCHAS BOLSA 450 ML 7501025401573";"LIQUIDO";"SAFE BLEACH";"FABRIC TREATMENT";"PRE LAVADOR";1;"7501025401573"
"INDS. ALEN";"CLORALEX";"CLORALEX COLOR QUITAMANCHAS BOLSA 450 ML 7501025401580";"LIQUIDO";"SAFE BLEACH";"FABRIC TREATMENT";"PRE LAVADOR";1;"7501025401580"
"INDS. ALEN";"CLORALEX";"CLORALEX COLOR SIN CLORO BOT 2.8 LT 7501025401597BP1";"LIQUIDO";"SAFE BLEACH";"FABRIC TREATMENT";"ROPA COLOR";1;"7501025401597BP1"
"INDS. ALEN";"CLORALEX";"CLORALEX COLOR LIQUIDO PRELAVADOR BOTELLA 1.8 LT 7501025410834";"LIQUIDO";"SAFE BLEACH";"FABRIC TREATMENT";"PRE LAVADOR";1;"7501025410834"
"INDS. ALEN";"CLORALEX";"CLORALEX COLOR PODER VINAGRE BOT 950 ML NAL 7501025412401";"LIQUIDO";"SAFE BLEACH";"FABRIC TREATMENT";"PRE LAVADOR";1;"7501025412401"
"INDS. ALEN";"CLORALEX";"CLORALEX COLOR PODER VINAGRE BOT 1800 ML NAL 7501025412418";"LIQUIDO";"SAFE BLEACH";"FABRIC TREATMENT";"PRE LAVADOR";1;"7501025412418"
"INDS. ALEN";"CLORALEX";"CLORALEX COLOR PODER VINAGRE GARRAFON 5100 ML NAL 7501025412463";"LIQUIDO";"SAFE BLEACH";"FABRIC TREATMENT";"COLOR PODER VINAGRE";1;"7501025412463"
"INDS. ALEN";"CLORALEX";"CLORALEX COLOR QUITAMANCHAS BOT 950 ML 7501025412784";"LIQUIDO";"SAFE BLEACH";"FABRIC TREATMENT";"PRE LAVADOR";1;"7501025412784"
"INDS. ALEN";"CLORALEX";"CLORALEX ROPA COLOR BOT PLAS 950ML C/MM REGULAR LIQ 950ML 7501025450618BP2";"LIQUIDO";"SAFE BLEACH";"FABRIC TREATMENT";"ROPA COLOR";1;"7501025450618BP2"
"RECKITT";"VANISH";"VANISH MULTIUSOS REMOVEDOR S/CLORO DE MANCHAS DOYPACK 500ML 7501058715029";"LIQUIDO";"SAFE BLEACH";"FABRIC TREATMENT";"ROSA";1;"7501058715029"
"RECKITT";"VANISH";"VANISH WHITE QUITAMANCHAS Y BLANQ.S/CLORO DOYPACK 500ML 7501058715036";"LIQUIDO";"SAFE BLEACH";"FABRIC TREATMENT";"BLANCO";1;"7501058715036"
"RECKITT";"VANISH";"VANISH MULTIUSOS REMOV S/CLORO MANCHAS BOT 420ML 7501058715364";"LIQUIDO";"SAFE BLEACH";"FABRIC TREATMENT";"ROSA";1;"7501058715364"
"RECKITT";"VANISH";"VANISH ROSA LIQ. DOYPACK 100ML 7501058715432";"LIQUIDO";"SAFE BLEACH";"FABRIC TREATMENT";"ROSA";1;"7501058715432"
"RECKITT";"VANISH";"VANISH ROSA MULTIUSO REMOVEDOR SIN CLORO DE MANCHAS BOT3.6LT 7501058716088";"LIQUIDO";"SAFE BLEACH";"FABRIC TREATMENT";"ROSA";1;"7501058716088"
"RECKITT";"VANISH";"VANISH WHITE LIQUIDO QUITAMANCHAS+BLANQ S/CLORO BOT 3.6LT 7501058716095";"LIQUIDO";"SAFE BLEACH";"FABRIC TREATMENT";"BLANCO";1;"7501058716095"
"RECKITT";"VANISH";"VANISH MULTIUSOS ROSA REMOV/MAN SUPER AHORRO DEL30% BOT1.5LT 7501058716453";"LIQUIDO";"SAFE BLEACH";"FABRIC TREATMENT";"ROSA";1;"7501058716453"
"RECKITT";"VANISH";"VANISH MULTIUSOS REMOVEDOR D/MANCHAS 25%GRATIS DOYPACK 650ML 7501058716477";"LIQUIDO";"SAFE BLEACH";"FABRIC TREATMENT";"ROSA";1;"7501058716477"
"RECKITT";"VANISH";"VANISH WHITE REMOVEDOR DE MANCHAS BOT   1700 ML 7501058751188";"LIQUIDO";"SAFE BLEACH";"FABRIC TREATMENT";"BLANCO";1;"7501058751188"
"RECKITT";"VANISH";"VANISH WHITE BOTELLA 900 ML 7501058751195";"LIQUIDO";"SAFE BLEACH";"FABRIC TREATMENT";"BLANCO";1;"7501058751195"
"RECKITT";"VANISH";"VANISH WHITE REMOVERD D/MANCHAS Y BLANQ.S/CLORO LIQ.BOT4000M 7501058751461";"LIQUIDO";"SAFE BLEACH";"FABRIC TREATMENT";"BLANCO";1;"7501058751461"
"RECKITT";"VANISH";"VANISH PINK DESMANCHADOR LIQ. BOTELLA 450 ML NAL 7501058752772";"LIQUIDO";"SAFE BLEACH";"FABRIC TREATMENT";"ROSA";1;"7501058752772"
"RECKITT";"VANISH";"VANISH EXTRA-HIGIENE BOLSA 600 ML DOYPACK 7501058753199";"LIQUIDO";"SAFE BLEACH";"FABRIC TREATMENT";"ROSA";1;"7501058753199"
"RECKITT";"VANISH";"VANISH EXTRA-HIGIENE BOTELLA PLASTICO 900 ML 7501058753205";"LIQUIDO";"SAFE BLEACH";"FABRIC TREATMENT";"ROSA";1;"7501058753205"
"RECKITT";"VANISH";"VANISH ROSA ROPA COLOR LIQ.S/CLORO ROPA FLEXIPACK 250ML NAL 7501058753328";"LIQUIDO";"SAFE BLEACH";"FABRIC TREATMENT";"ROSA";1;"7501058753328"
"RECKITT";"VANISH";"VANISH WHITE LIQ REMOVEDOR DE MANCHAS BOT 435ML NAL 7501058757463";"LIQUIDO";"SAFE BLEACH";"FABRIC TREATMENT";"BLANCO";1;"7501058757463"
"RECKITT";"VANISH";"VANISH ROSA COLOR LIQ. DOYPACK 650ML NAL 7501058757548";"LIQUIDO";"SAFE BLEACH";"FABRIC TREATMENT";"ROSA";1;"7501058757548"
"RECKITT";"VANISH";"VANISH WHITE LIQUIDO DOY PACK 600ML NAL 7501058757555";"LIQUIDO";"SAFE BLEACH";"FABRIC TREATMENT";"BLANCO";1;"7501058757555"
"RECKITT";"VANISH";"VANISH BOT. 4000 ML. 7501058757791";"LIQUIDO";"SAFE BLEACH";"FABRIC TREATMENT";"ROSA";1;"7501058757791"
"RECKITT";"VANISH";"VANISH MAX REMOVEDOR DE MANCHAS ROPA BOLSA 445ML NAL 7501058757807";"LIQUIDO";"SAFE BLEACH";"FABRIC TREATMENT";"ROSA";1;"7501058757807"
"RECKITT";"VANISH";"VANISH LIQUIDO SIN AROMA GARRAFON 6 LTS NAL. 7501058757883BP1";"LIQUIDO";"SAFE BLEACH";"FABRIC TREATMENT";"ROSA";1;"7501058757883BP1"
"RECKITT";"VANISH";"VANISH LIQUIDO GARRAFON 8LT 7501058780195";"LIQUIDO";"SAFE BLEACH";"FABRIC TREATMENT";"ROSA";1;"7501058780195"
"RECKITT";"VANISH";"VANISH MULTIUSOS REMOV MANCHAS ROPA COLOR/BLANCA GARRAF 9LT 7501058780201";"LIQUIDO";"SAFE BLEACH";"FABRIC TREATMENT";"BLANCO";1;"7501058780201"
"RECKITT";"VANISH";"VANISH MAX ROSA DOYPACK 650ML+MM WHITE DOYPACK 600ML NAL 7501058780409BP1";"LIQUIDO";"SAFE BLEACH";"FABRIC TREATMENT";"ROSA";1;"7501058780409BP1"
"RECKITT";"VANISH EXTRA HIGIENE";"VANISH EXTRA-HIGIENE BOT 4 LT NAL 7501058784575";"LIQUIDO";"SAFE BLEACH";"FABRIC TREATMENT";"ROSA";1;"7501058784575"
"RECKITT";"VANISH";"VANISH MAX 3 BOT 925ML C /U=2775ML LLEVA 3 PAGA LA MITAD 7501058784889";"LIQUIDO";"SAFE BLEACH";"FABRIC TREATMENT";"ROSA";1;"7501058784889"
"RECKITT";"VANISH";"VANISH QUIT.MAN. BOT 1750 ML C/GMM PODER O2 BOTE 200 GR 7501058786050";"LIQUIDO";"SAFE BLEACH";"FABRIC TREATMENT";"ROSA";1;"7501058786050"
"RECKITT";"VANISH";"VANISH QUITA MANCHAS BOT 1450 MLC/G300 ML=1750 ML NAL 7501058786357";"LIQUIDO";"SAFE BLEACH";"FABRIC TREATMENT";"ROSA";1;"7501058786357"
"RECKITT";"VANISH";"VANISH Q.MANCHAS S/CLOR BOT.ROS925ML+MMROPA WITHE S/CLORB900 7501058786548BP1";"LIQUIDO";"SAFE BLEACH";"FABRIC TREATMENT";"ROSA";1;"7501058786548BP1"
"RECKITT";"VANISH";"VANISH MULTIUSOS DUOPACK ROSA QUITA MANCHAS 2BOT 450ML C/U 7501058787965";"LIQUIDO";"SAFE BLEACH";"FABRIC TREATMENT";"ROSA";1;"7501058787965"
"RECKITT";"VANISH";"VANISH QUITA MANCHAS BOT 1750 ML C/GRATISPLANCHYTEX BOT650ML 7501058788498";"LIQUIDO";"SAFE BLEACH";"FABRIC TREATMENT";"ROSA";1;"7501058788498"
"RECKITT";"VANISH";"VANISH MULTIUSOS DUOPACK ROSA QUITA MANCHAS 2BOT 925ML C/U 7501058788931";"LIQUIDO";"SAFE BLEACH";"FABRIC TREATMENT";"ROSA";1;"7501058788931"
"RECKITT";"VANISH";"VANISH L├ìQUIDO BOT. 1750 ML A PRECIO DE 1250 ML 7501058789365";"LIQUIDO";"SAFE BLEACH";"FABRIC TREATMENT";"ROSA";1;"7501058789365"
"RECKITT";"VANISH";"VANISH MULTIUSOS ROSA BOT 1.75LTC/G VANISH ROSA BOT 925ML 7501058790422BP1";"LIQUIDO";"SAFE BLEACH";"FABRIC TREATMENT";"ROSA";1;"7501058790422BP1"
"RECKITT";"VANISH CRYSTAL WHITE";"VANISH WHITE REMOVEDOR DE MANCHAS BOT1700MLC/GMM BOT 900ML 7501058790712BP2";"LIQUIDO";"SAFE BLEACH";"FABRIC TREATMENT";"BLANCO";1;"7501058790712BP2"
"RECKITT";"VANISH";"VANISH MULTIUSOS REMOV MAN S/CLORO BT4LTC/GPLANCHYTEXBT650ML 7501058790965";"LIQUIDO";"SAFE BLEACH";"FABRIC TREATMENT";"ROSA";1;"7501058790965"
"RECKITT";"VANISH";"VANISH MULTIUSO PACK 2 BOT 925 MLC/U+VANISH WHITE BOT 900ML 7501058791474BP1";"LIQUIDO";"SAFE BLEACH";"FABRIC TREATMENT";"ROSA";1;"7501058791474BP1"
"RECKITT";"VANISH";"VANISH REMOVEDOR DE MANCHAS 2BTLLAS 6LT C/U =12LTS 7501058792303";"LIQUIDO";"SAFE BLEACH";"FABRIC TREATMENT";"ROSA";1;"7501058792303"
"RECKITT";"VANISH";"VANISH ROSA MULTIUSOS REMOVEDOR MANC 3X2 BOT 925MLC/U=2775ML 7501058793898";"LIQUIDO";"SAFE BLEACH";"FABRIC TREATMENT";"ROSA";1;"7501058793898"
"CLOROX";"CLOROX";"CLOROX ROPA COLOR BOT. 930 ML 7501071902086";"LIQUIDO";"SAFE BLEACH";"FABRIC TREATMENT";"PRE LAVADOR";1;"7501071902086"
"CLOROX";"CLOROX";"CLOROX ROPA COLOR BOT. 1800 ML 7501071902093";"LIQUIDO";"SAFE BLEACH";"FABRIC TREATMENT";"PRE LAVADOR";1;"7501071902093"
"CLOROX";"CLOROX";"CLOROX ROPA COLOR Q.MANCHAS LIQ. BOT. 3.8LT NAL 7501071902109";"LIQUIDO";"SAFE BLEACH";"FABRIC TREATMENT";"PRE LAVADOR";1;"7501071902109"
"CLOROX";"CLOROX";"CLOROX ROPA BLANCA BOT PLAST 930ML 7501071902246";"LIQUIDO";"SAFE BLEACH";"FABRIC TREATMENT";"BLANCO";1;"7501071902246"
"CLOROX";"CLOROX";"CLOROX ROPA BLANCA BOT PLAST  1800ML NAL 7501071902277";"LIQUIDO";"SAFE BLEACH";"FABRIC TREATMENT";"BLANCO";1;"7501071902277"
"CLOROX";"CLOROX";"CLOROX ROPA COLOR BOT 500 ML 7501071902314";"LIQUIDO";"SAFE BLEACH";"FABRIC TREATMENT";"PRE LAVADOR";1;"7501071902314"
"CLOROX";"CLOROX";"CLOROX ROPA BLANCA BOT 495 MLG/CMM CONCENTRA REG BOT 3800 ML 7501071902475BP1";"LIQUIDO";"SAFE BLEACH";"FABRIC TREATMENT";"ROPA BLANCA";1;"7501071902475BP1"
"CLOROX";"CLOROX";"CLOROX ROPA COLOR BOT 1800 MLC/GMM ROPA BLANCA BOT 495 ML 7501071902482";"LIQUIDO";"SAFE BLEACH";"FABRIC TREATMENT";"ROPA COLOR";1;"7501071902482"
"CLOROX";"CLOROX";"CLOROX ROPA COLOR QUITAMANCHAS BOT 1800MC/MM R.COL BOT 500ML 7501071903038";"LIQUIDO";"SAFE BLEACH";"FABRIC TREATMENT";"PRE LAVADOR";1;"7501071903038"
"CLOROX";"CLOROX";"CLOROX ROPA COLOR BOT 930MLC/POETT ESPIRITU JOVEN BOT 900ML 7501071903465";"LIQUIDO";"SAFE BLEACH";"FABRIC TREATMENT";"ROSA";1;"7501071903465"
"CLOROX";"CLOROX";"CLOROX COLORES VIVOS ALEGRIA FLORAL BOTE 930 ML 7501071903878";"LIQUIDO";"SAFE BLEACH";"FABRIC TREATMENT";"PRE LAVADOR";1;"7501071903878"
"CLOROX";"CLOROX";"CLOROX ROPA COLOR ALEGRIA FLORAL  BOTELLA 1890 ML 7501071903885";"LIQUIDO";"SAFE BLEACH";"FABRIC TREATMENT";"PRE LAVADOR";1;"7501071903885"
"CLOROX";"CLOROX";"CLOROX BLANCOS INTENSOS QUITAMANCHAS BOTELLA 930 ML 7501071904103";"LIQUIDO";"SAFE BLEACH";"FABRIC TREATMENT";"BLANCO";1;"7501071904103"
"CLOROX";"CLOROX";"CLOROX BLANCOS INTENSOS QUITAMANCHAS BOTELLA 1.8 LT 7501071904110";"LIQUIDO";"SAFE BLEACH";"FABRIC TREATMENT";"BLANCO";1;"7501071904110"
"CLOROX";"CLOROX";"CLOROX ROPA COLORES VIVOS OXIGENO ACTIVO GALON 3800ML NAL 7501071904349";"LIQUIDO";"SAFE BLEACH";"FABRIC TREATMENT";"ROPA COLOR";1;"7501071904349"
"CLOROX";"CLOROX";"CLOROX ROPA COLOR ECONOPACK 730 ML 7501071904424";"LIQUIDO";"SAFE BLEACH";"FABRIC TREATMENT";"PRE LAVADOR";1;"7501071904424"
"CLOROX";"CLOROX";"CLOROX ROPA COLOR BOLSA 500 ML NAL 7501071904431";"LIQUIDO";"SAFE BLEACH";"FABRIC TREATMENT";"PRE LAVADOR";1;"7501071904431"
"CLOROX";"CLOROX";"CLOROX BLANCOS INTENSOS DOY PACK 730 ML 7501071904448";"LIQUIDO";"SAFE BLEACH";"FABRIC TREATMENT";"BLANCO";1;"7501071904448"
"CLOROX";"CLOROX";"CLOROX BLANCOS BRILLANTES QUITAMANCHAS POUCH 730 ML 7501071906701";"LIQUIDO";"SAFE BLEACH";"FABRIC TREATMENT";"BLANCO";1;"7501071906701"
"CLOROX";"CLOROX";"CLOROX BLANCOS BRILLANTES QUITAMANCHAS BOTELLA 930 ML 7501071906718";"LIQUIDO";"SAFE BLEACH";"FABRIC TREATMENT";"BLANCO";1;"7501071906718"
"CLOROX";"CLOROX";"CLOROX BLANCOS INTENSOS BOT. PLAST 1890 ML NAL 7501071906725";"LIQUIDO";"SAFE BLEACH";"FABRIC TREATMENT";"BLANCO";1;"7501071906725"
"CLOROX";"CLOROX";"CLOROX ROPA COLOR DUO PACK BOTELLA 930ML C/U = 1860ML 7501071906800";"LIQUIDO";"SAFE BLEACH";"FABRIC TREATMENT";"PRE LAVADOR";1;"7501071906800"
"CLOROX";"CLOROX";"CLOROXROPACOLORESVIVBOT1.89LTC/GMMBLANCOSBRILLANTPOUCH500ML 7501071906879BP1";"LIQUIDO";"SAFE BLEACH";"FABRIC TREATMENT";"PRE LAVADOR";1;"7501071906879BP1"
"CLOROX";"CLOROX";"CLOROXBLANCOSBRILLANTPOUCH500MLG/CMMROPACOLORESVIVBOT1.89LT 7501071906879BP2";"LIQUIDO";"SAFE BLEACH";"FABRIC TREATMENT";"BLANCO";1;"7501071906879BP2"
"CLOROX";"CLOROX";"CLOROX  BLANCOS BRILLANTES QUITAMANCHAS POUCH 500ML 7501071907074";"LIQUIDO";"SAFE BLEACH";"FABRIC TREATMENT";"BLANCO";1;"7501071907074"
"CLOROX";"CLOROX";"CLOROXBLANCOSBRILLANTESBOT930ML+MMCOLORESVIVOSBOT930MLPVP 7501071907227BP1";"LIQUIDO";"SAFE BLEACH";"FABRIC TREATMENT";"ROPA BLANCA";1;"7501071907227BP1"
"CLOROX";"CLOROX";"CLOROXCOLORESVIVOSBOT930ML+MMBLANCOSBRILLANTESBOT930MLPVP 7501071907227BP2";"LIQUIDO";"SAFE BLEACH";"FABRIC TREATMENT";"ROPA COLOR";1;"7501071907227BP2"
"CHURCH & DWIGHT";"OXI CLEAN";"OXI CLEAN REMOVEDOR DE MANCHAS BOLSA 900ML 7501080955486";"LIQUIDO";"SAFE BLEACH";"FABRIC TREATMENT";"PRE LAVADOR";1;"7501080955486"
"RECKITT";"VANISH";"VANISH LIQUIDO BOTELLA 925ML  NAL. 7503002319529";"LIQUIDO";"SAFE BLEACH";"FABRIC TREATMENT";"ROSA";1;"7503002319529"
"RECKITT";"VANISH";"VANISH LIQ. BOTELLA 1750ML NAL. 7503002319536";"LIQUIDO";"SAFE BLEACH";"FABRIC TREATMENT";"ROSA";1;"7503002319536"
"RECKITT";"VANISH";"VANISH REMOVEDOR DE MANCHAS BOTELLA 450ML  NAL. 7503002319543";"LIQUIDO";"SAFE BLEACH";"FABRIC TREATMENT";"ROSA";1;"7503002319543"
"IBERIA";"IBERIA";"IBERIA REVOLUTION QUITA MANCHAS DIARIAS ROLL ON BOT 200 ML 8411660210012";"LIQUIDO";"SAFE BLEACH";"FABRIC TREATMENT";"PRE LAVADOR";1;"8411660210012"
"IBERIA";"IBERIA";"IBERIA REVOLUTION QUITA MANCHAS RESISTENTES BOT PLAS 200ML 8411660210029";"LIQUIDO";"SAFE BLEACH";"FABRIC TREATMENT";"PRE LAVADOR";1;"8411660210029"
"IBERIA";"IBERIA";"IBERIA REVOLUTION QUITA MANCHAS ACCIDENTALES BOT 150 ML 8411660210036";"LIQUIDO";"SAFE BLEACH";"FABRIC TREATMENT";"PRE LAVADOR";1;"8411660210036"
"RECKITT";"VANISH";"VANISH EXT HIGIENE REM MANCHAS GAL 4LT + VANISH WHITE 1LT 7501058789778BP1";"LIQUIDO";"SAFE BLEACH";"FABRIC TREATMENT";"ROSA";1;"7501058789778BP1"
"RECKITT";"LYSOL";"LYSOL SANITIZANTE DE ROPA CRISP LINEN BOT 1.2 LT 0019200958714";"LIQUIDO";"SANITIZANTE";"SANITIZANTE";"SANITIZANTE";1;"0019200958714"
"CLOROX";"CLOROX";"CLOROX 2 STAIN FIGTHER REMOVER PEN FOR COLORS GEL 56GR 0044600305974";"LIQUIDO";"PRELAVADOR";"FABRIC TREATMENT";"PRE LAVADOR";1;"0044600305974"
"CLOROX";"CLOROX";"CLOROX 2 QUITAMANCHAS ROPA COLOR C/ROCIADOR 887ML 0044600306414";"LIQUIDO";"PRELAVADOR";"FABRIC TREATMENT";"QUITAMANCHAS";1;"0044600306414"
"WHITE MAGIC";"WHITE MAGIC";"9WHITE MAGIC BOT.PLAS 3970ML IMP 0079893431208";"LIQUIDO";"";"CLORO";"";1;"0079893431208"
"CHURCH & DWIGHT";"OXI CLEAN";"OXI CLEAN MAX FORCE REMOVEDOR/MANCHAS BOT. PLAST 266.16ML 0757037000489";"LIQUIDO";"PRELAVADOR";"FABRIC TREATMENT";"PRE LAVADOR";1;"0757037000489"
"CHURCH & DWIGHT";"OXI CLEAN";"OXI CLEAN MAX FORCE REMOVEDOR DE MANCHAS BOT. PLAST 354 ML 0757037512449";"LIQUIDO";"PRELAVADOR";"FABRIC TREATMENT";"PRE LAVADOR";1;"0757037512449"
"CHURCH & DWIGHT";"OXI CLEAN";"OXI CLEAN LIQ.BOT. 635 ML 0757037517123";"LIQUIDO";"PRELAVADOR";"FABRIC TREATMENT";"PRE LAVADOR";1;"0757037517123"
"GRUPO AC MARCAS";"SANYTOL";"SANYTOL DESINFECTANTE DE ROPA BOT 500 ML 3045200760009";"LIQUIDO";"SANITIZANTE";"SANITIZANTE";"SANITIZANTE";1;"3045200760009"
"GRUPO AC MARCAS";"SANYTOL";"SANYTOL DESINFECTANTE DE ROPA BOT 1 LT 3045206360609";"LIQUIDO";"SANITIZANTE";"SANITIZANTE";"SANITIZANTE";1;"3045206360609"
"DELTA PRONATURA";"DR.BECKMANN";"DR BECKMANN EL MAGO QUITAMANCHAS 4 LIQUIDO BOT 50ML IMP 4008455394015";"LIQUIDO";"PRELAVADOR";"FABRIC TREATMENT";"PRE LAVADOR";1;"4008455394015"
"DELTA PRONATURA";"DR.BECKMANN";"DR BECKMANN EL MAGO QUITAMANCHAS 2 LIQUIDO BOT 50ML IMP 4008455394114";"LIQUIDO";"PRELAVADOR";"FABRIC TREATMENT";"PRE LAVADOR";1;"4008455394114"
"DELTA PRONATURA";"DR.BECKMANN";"DR BECKMANN EL MAGO QUITAMANCHAS 8 LIQUIDO BOT 50ML IMP 4008455394213";"LIQUIDO";"PRELAVADOR";"FABRIC TREATMENT";"PRE LAVADOR";1;"4008455394213"
"DELTA PRONATURA";"DR.BECKMANN";"DR BECKMANN EL MAGO QUITAMANCHAS3 P.TINT/CRAY/ROTUL BOT 50ML 4008455394411";"LIQUIDO";"PRELAVADOR";"FABRIC TREATMENT";"PRE LAVADOR";1;"4008455394411"
"DELTA PRONATURA";"DR.BECKMANN";"DR BECKMANN EL MAGO QUITAMANCHAS 5 LIQUIDO BOT 50ML IMP 4008455394510";"LIQUIDO";"PRELAVADOR";"FABRIC TREATMENT";"PRE LAVADOR";1;"4008455394510"
"DELTA PRONATURA";"DR.BECKMANN";"DR BECKMANN EL MAGO QUITAMANCHAS 7 LIQUIDO BOT 50ML IMP 4008455394619";"LIQUIDO";"PRELAVADOR";"FABRIC TREATMENT";"PRE LAVADOR";1;"4008455394619"
"DELTA PRONATURA";"DR.BECKMANN";"DR BECKMANN EL MAGO QUITAMANCHAS 6 LIQUIDO BOT 50ML IMP 4008455423517";"LIQUIDO";"PRELAVADOR";"FABRIC TREATMENT";"PRE LAVADOR";1;"4008455423517"
"DELTA PRONATURA";"DR.BECKMANN";"DR BECKMANN EL MAGO QUITAMANCHAS 4 LIQUIDO BOT 50ML IMP 4008455423616";"LIQUIDO";"PRELAVADOR";"FABRIC TREATMENT";"PRE LAVADOR";1;"4008455423616"
"DELTA PRONATURA";"DR.BECKMANN";"DR BECKMANN QUITAMANCHAS PRELAVADO C/CEP APLIC LIQ BOT 250ML 4008455423715";"LIQUIDO";"PRELAVADOR";"FABRIC TREATMENT";"PRE LAVADOR";1;"4008455423715"
"DELTA PRONATURA";"DR.BECKMANN";"DR BECKMANN LAPIZ MAGICO QUITAMANCHAS 9ML 4008455438016";"LIQUIDO";"PRELAVADOR";"FABRIC TREATMENT";"PRE LAVADOR";1;"4008455438016"
"DELTA PRONATURA";"DR.BECKMANN";"DR BECKMANN EL MAGO QUITAMANCHAS OXIDO/DESOD BOTC/ATOM 250ML 4008455458618";"LIQUIDO";"PRELAVADOR";"FABRIC TREATMENT";"PRE LAVADOR";1;"4008455458618"
"DELTA PRONATURA";"DR.BECKMANN";"DR BECKMANN ORIGINAL QUITAMANCHAS PRELAVADO BOT C/ATOM 250ML 4008455458717";"LIQUIDO";"PRELAVADOR";"FABRIC TREATMENT";"PRE LAVADOR";1;"4008455458717"
"DELTA PRONATURA";"DR.BECKMANN";"DR BECKMANN QUITAMANCHAS DESODORANTE Y SUDOR BOT 500 ML 4008455524917";"LIQUIDO";"PRELAVADOR";"FABRIC TREATMENT";"PRE LAVADOR";1;"4008455524917"
"INDS. H24";"CUELLOS PUNOS Y MANCHITAS";"TOTAL CUELLOS PUNOS Y MANCHITAS ULTRA FUERTE LATA 340GR NAL 7501021160689";"LIQUIDO";"PRELAVADOR";"FABRIC TREATMENT";"OTR. TIPOS";1;"7501021160689"
"INDS. H24";"CUELLOS PUNOS Y MANCHITAS";"H24 CUELLOS PUNOS Y MANCHITAS BOT/ATOM 700ML NAL 7501021160719";"LIQUIDO";"PRELAVADOR";"FABRIC TREATMENT";"PRE LAVADOR";1;"7501021160719"
"INDS. H24";"CUELLOS PUNOS Y MANCHITAS";"CUELLOS PU┬ñOS Y MANCHITAS BOT/REP 700 ML  NAL. 7501021160726";"LIQUIDO";"PRELAVADOR";"FABRIC TREATMENT";"PRE LAVADOR";1;"7501021160726"
"INDS. ALEN";"CLORALEX";"CLORALEX COLOR QUITA MANCHAS ROPA BOT C/ATOM 650 ML 7501025400965";"LIQUIDO";"PRELAVADOR";"FABRIC TREATMENT";"PRE LAVADOR";1;"7501025400965"
"INDS. ALEN";"CLORALEX";"CLORALEX EXTRA SENSACION FRUTALES BOT PLAST 950ML 7501025401023";"LIQUIDO";"";"CLORO";"";1;"7501025401023"
"INDS. ALEN";"BLANCATEL";"BLANCATEL BLANQUEADOR BOTELLA 1.8LT 7501025402259";"LIQUIDO";"";"CLORO";"";1;"7501025402259"
"RECKITT";"VANISH";"VANISH OXY ACTION ROSA PRELAVADOR PARA ROPA DOYPACK 500ML 7501058716804";"LIQUIDO";"PRELAVADOR";"FABRIC TREATMENT";"ROSA";1;"7501058716804"
"RECKITT";"LYSOL";"LYSOL CRISP LINEN SANITIZANTE DE ROPA BOT 1 LT 7501058717115";"LIQUIDO";"SANITIZANTE";"SANITIZANTE";"SANITIZANTE";1;"7501058717115"
"RECKITT";"LYSOL";"LYSOL SANITIZANTE DE ROPA CRISP LINEN BOT 2 LT 7501058717122";"LIQUIDO";"SANITIZANTE";"SANITIZANTE";"SANITIZANTE";1;"7501058717122"
"RECKITT";"LYSOL";"LYSOL SANITIZANTE DE ROPA CRISP LINEN SCENT POUCH 500 ML 7501058717252";"LIQUIDO";"SANITIZANTE";"SANITIZANTE";"SANITIZANTE";1;"7501058717252"
"RECKITT";"LYSOL";"LYSOL SANITIZANTE DE ROPA SPORT BOTELLA 1.21 LT 7501058717276";"LIQUIDO";"SANITIZANTE";"SANITIZANTE";"SANITIZANTE";1;"7501058717276"
"RECKITT";"VANISH";"VANISH PODER O2 PRE-LAVADOR BOT.ATOM. 650 ML NAL 7501058757630";"LIQUIDO";"PRELAVADOR";"FABRIC TREATMENT";"ROSA";1;"7501058757630"
"RECKITT";"VANISH";"VANISH PODER O2 PRE LAVADOR BOT.REP. 650 ML 7501058757647";"LIQUIDO";"PRELAVADOR";"FABRIC TREATMENT";"ROSA";1;"7501058757647"
"RECKITT";"LYSOL";"LYSOL SANITIZANTE DE ROPA CRISP LINEN BOT 1.2 LT 7501058795892";"LIQUIDO";"SANITIZANTE";"SANITIZANTE";"SANITIZANTE";1;"7501058795892"
"RECKITT";"LYSOL";"LYSOL CRISP LINEN SANITIZANTE DE ROPA BOT 2.66 LT 7501058795908";"LIQUIDO";"SANITIZANTE";"SANITIZANTE";"SANITIZANTE";1;"7501058795908"
"RECKITT";"LYSOL";"LYSOL LAUNDRYSANITIZERPOUCH500M+MMDESINFCRISPLINENLAT354GPVP 7501058797865BP2";"LIQUIDO";"SANITIZANTE";"SANITIZANTE";"SANITIZANTE";1;"7501058797865BP2"
"CLOROX";"CLOROX";"CLOROX BLANQUEADOR PARAISO TROPICAL 3800 ML NAL 7501071901591";"LIQUIDO";"";"CLORO";"";1;"7501071901591"
"OTHERS FABRICANTE UNIF.";"OTHERS MARCA UNIF.";"KLEEN CLORO BOTELLA 1000 ML NAL 7502217411776";"LIQUIDO";"";"CLORO";"";1;"7502217411776"
"OTHERS FABRICANTE UNIF.";"OTHERS MARCA UNIF.";"EXGERM DESINFECTANTE DE ROPA BOTELLA 1 LT 7502283280818";"LIQUIDO";"SANITIZANTE";"SANITIZANTE";"SANITIZANTE";1;"7502283280818"
"CLOROX";"CLOROX";"CLOROX CONTROL BLEACH CRYSTALS REGULAR SCENT BOT 680GR 0044600313429";"POLVO";"CLORO";"CLORO";"NO DEFINIDO";1;"0044600313429"
"CLOROX";"CLOROX";"CLOROX CONTROL BLEACH CRYSTALS FRESH MEADOW SCENT BOT 680GR 0044600313436";"POLVO";"CLORO";"CLORO";"OTR. TIPOS";1;"0044600313436"
"CLOROX";"CLOROX";"CLOROX CONTROL BLEACH 12 PODS CLORO EN POLVO BOT 252GR 0044600313719";"POLVO";"CLORO";"CLORO";"NO DEFINIDO";1;"0044600313719"
"FAB. DE JABON LA REINERA";"MARIPOSA";"MARIPOSA DESMANCHADOR Y ABRILL.ROPA BLAN/COLOR BOTE150GR NAL 0602925200017";"POLVO";"CLORO";"CLORO";"OTR. TIPOS";1;"0602925200017"
"OTHERS FABRICANTE UNIF.";"OTHERS MARCA UNIF.";"DON CLORINO CLORO POLVO CONCENTRADO CAJA 8SOB 7GR C/U=56GR 0612464080148";"POLVO";"CLORO";"CLORO";"NO DEFINIDO";1;"0612464080148"
"CLARASOL";"CLARASOL";"CLARASOL GEL PODER CONCENTRADO BOT PLAS 1L 0741120000746";"GEL";"CLORO";"CLORO";"MULTIUSOS";1;"0741120000746"
"DELTA PRONATURA";"DR.BECKMANN";"DR BECKMANN BLANQ INTENS SUPER BLANC PVO 6BSAS 40GRC/U=240GR 4008455425412";"POLVO";"CLORO";"CLORO";"NO DEFINIDO";1;"4008455425412"
"DELTA PRONATURA";"DR.BECKMANN";"DR BECKMANN BLANQUEADOR SIN CLORO BOL 80GR 4008455457512";"POLVO";"CLORO";"CLORO";"NO DEFINIDO";1;"4008455457512"
"DELTA PRONATURA";"DR.BECKMANN";"DR BECKMAN SUPER BLANCO TOALLITAS ACTIVAS S/CLORO CAJA 15PZ 4008455459417";"TOALLAS";"PRELAVADOR";"FABRIC TREATMENT";"BLANCO";1;"4008455459417"
"DELTA PRONATURA";"DR.BECKMANN";"DR BECKMANN BLANQUEADOR POLVO CJ C/2BOLSAS 75GRC/U=150GR IMP 4008455460215";"POLVO";"CLORO";"CLORO";"NO DEFINIDO";1;"4008455460215"
"INDS. ALEN";"CLORALEX";"CLORALEX CLORO EN GEL BOT 3.75L 7501025401313";"GEL";"CLORO";"CLORO";"MULTIUSOS";1;"7501025401313"
"INDS. ALEN";"CLORALEX";"CLORALEX ULTRAGEL CITRICO BOTELLA 950ML 7501025401795";"GEL";"CLORO";"CLORO";"MULTIUSOS";1;"7501025401795"
"INDS. ALEN";"CLORALEX";"CLORALEX ULTRAGEL CITRICO BOTELLA 600ML 7501025401801";"GEL";"CLORO";"CLORO";"MULTIUSOS";1;"7501025401801"
"INDS. ALEN";"CLORALEX";"CLORALEX GEL BLANQUEADOR BP 700ML 7501025401931";"GEL";"CLORO";"CLORO";"MULTIUSOS";1;"7501025401931"
"INDS. ALEN";"CLORALEX";"CLORALEX GEL NO SALPICA DESINFECTANTE BP 1.65LT 7501025401948";"GEL";"CLORO";"CLORO";"MULTIUSOS";1;"7501025401948"
"INDS. ALEN";"CLORALEX";"CLORALEX CLORO EN GEL BOT 500ML 7501025405076";"GEL";"CLORO";"CLORO";"MULTIUSOS";1;"7501025405076"
"INDS. ALEN";"CLORALEX";"CLORALEX ULTRAGEL CLORO GEL CONCENTRADO BOT 600 ML 7501025405090";"GEL";"CLORO";"CLORO";"MULTIUSOS";1;"7501025405090"
"INDS. ALEN";"CLORALEX";"CLORALEX CLORO EN GEL BP 2000ML 7501025405106";"GEL";"CLORO";"CLORO";"MULTIUSOS";1;"7501025405106"
"INDS. ALEN";"CLORALEX";"CLORALEX CLORO EN GEL BOT 250ML 7501025405120";"GEL";"CLORO";"CLORO";"MULTIUSOS";1;"7501025405120"
"INDS. ALEN";"CLORALEX";"CLORALEX CLORO EN GEL BOT 950ML 7501025405151";"GEL";"CLORO";"CLORO";"MULTIUSOS";1;"7501025405151"
"INDS. ALEN";"CLORALEX";"CLORALEX AROMAX FLORAL CLORO GEL CON DETERGENTE BOT 600ML 7501025405205";"GEL";"CLORO";"CLORO";"MULTIUSOS";1;"7501025405205"
"INDS. ALEN";"CLORALEX";"CLORALEX ULTRAGEL CLORO EN GEL CONCENTRADO 950ML 7501025405212";"GEL";"CLORO";"CLORO";"MULTIUSOS";1;"7501025405212"
"INDS. ALEN";"CLORALEX";"CLORALEX AROMAX CLORO GEL C/DETERGENTE CITRICO BOTE 950ML 7501025405229";"GEL";"CLORO";"CLORO";"MULTIUSOS";1;"7501025405229"
"INDS. ALEN";"CLORALEX";"CLORALEX AROMAX CLORO GEL C/DETERGENTE FLORAL BOTE 950ML 7501025405236";"GEL";"CLORO";"CLORO";"MULTIUSOS";1;"7501025405236"
"INDS. ALEN";"CLORALEX";"CLORALEX DETERMAX GEL BOT PLAS 950 ML 7501025405274";"GEL";"CLORO";"CLORO";"MULTIUSOS";1;"7501025405274"
"INDS. ALEN";"CLORALEX";"CLORALEX MAXGEL BOT 600ML+PINOL PINO MULTIU BOT 1L 7501025405298BP2";"GEL";"CLORO";"CLORO";"MULTIUSOS";1;"7501025405298BP2"
"INDS. ALEN";"CLORALEX";"CLORALEX GEL ROPA BLANCA BP 950 ML 7501025405885";"GEL";"CLORO";"CLORO";"MULTIUSOS";1;"7501025405885"
"INDS. ALEN";"CLORALEX";"CLORALEX EL RENDIDOR GEL BP950ML+MM EL RENDIDOR LIQ BP950ML 7501025441487BP2";"GEL";"CLORO";"CLORO";"MULTIUSOS";1;"7501025441487BP2"
"OTHERS FABRICANTE UNIF.";"OTHERS MARCA UNIF.";"EL TIMON BLANQUEADOR AZUL PARA ROPA 50SOBRES 10GR C/U 7501041505309";"POLVO";"CLORO";"CLORO";"NO DEFINIDO";1;"7501041505309"
"LA JAPONESA";"LA JAPONESA";"LA JAPONESA BLANQUEADOR BOT PLAST 150GR NAL 7501042302556";"POLVO";"CLORO";"CLORO";"NO DEFINIDO";1;"7501042302556"
"RECKITT";"HARPIC";"HARPIC ULTRA CLORO GEL CITRUS BOT 650ML 7501058755834";"GEL";"CLORO";"CLORO";"MULTIUSOS";1;"7501058755834"
"RECKITT";"HARPIC";"HARPIC ULTRA CLORO GEL FRESH BOT 650ML 7501058755841";"GEL";"CLORO";"CLORO";"MULTIUSOS";1;"7501058755841"
"CLOROX";"CLOROX";"CLOROX POWER GEL LIMP MULTIU MAGIA FLORAL BOTE 500ML 7501071905285";"GEL";"CLORO";"CLORO";"MULTIUSOS";1;"7501071905285"
"CLOROX";"CLOROX";"CLOROX POWER GEL LIMP MULTIU MAGIA FLORAL BOTE 930ML 7501071905292";"GEL";"CLORO";"CLORO";"MULTIUSOS";1;"7501071905292"
"CLOROX";"CLOROX";"CLOROX POWER GEL MULTIU ORIGINAL BOTE 500ML 7501071905339";"GEL";"CLORO";"CLORO";"MULTIUSOS";1;"7501071905339"
"CLOROX";"CLOROX";"CLOROX POWER GEL LIMP MULTIU BOTE 930ML 7501071905346";"GEL";"CLORO";"CLORO";"MULTIUSOS";1;"7501071905346"
"CLOROX";"CLOROX";"CLOROX POWER GEL CLORO+LIMP COCINAYBANOS MENTA FRESCA BT500M 7501071905759";"GEL";"CLORO";"CLORO";"MULTIUSOS";1;"7501071905759"
"CLOROX";"CLOROX";"CLOROX POWER GEL CLORO+LIMP COCINAYBANOS MENTA FRESCA BT930M 7501071905766";"GEL";"CLORO";"CLORO";"MULTIUSOS";1;"7501071905766"
"CLOROX";"CLOROX";"CLOROX ANTISPLASH BLANQUEADOR+DETERGENTE GEL BP 500ML 7501071907654";"GEL";"CLORO";"CLORO";"MULTIUSOS";1;"7501071907654"
"CLOROX";"CLOROX";"CLOROX ANTISPLASH BLANQUEADOR+DETRG GEL BP 930ML 7501071907661";"GEL";"CLORO";"CLORO";"MULTIUSOS";1;"7501071907661"
"CLOROX";"CLOROX";"CLOROX ANTISPLASH GEL BLANQUEADOR+ DETERGENTE BP 1890ML 7501071907692";"GEL";"CLORO";"CLORO";"MULTIUSOS";1;"7501071907692"
"CLOROX";"CLOROX";"CLOROX ANTISPLASH GEL BLANQ+DETERG MAGIA FLORAL BP 930ML 7501071907715";"GEL";"CLORO";"CLORO";"MULTIUSOS";1;"7501071907715"
"CLOROX";"CLOROX";"CLOROX ANTISPLASH BLANQ+DET GEL FLORES DE LAVANDA BP 930ML 7501071907722";"GEL";"CLORO";"CLORO";"MULTIUSOS";1;"7501071907722"
"CLOROX";"CLOROX";"CLOROX ANTISPLASH BLANQ+DET GEL BP 3800ML 7501071908385";"GEL";"CLORO";"CLORO";"MULTIUSOS";1;"7501071908385"
"CHURCH & DWIGHT";"OXI CLEAN";"OXI CLEAN SANITIZER QUITAMANCHAS ROPA AROMA FRESCO BOT1.13KG 7501080900585";"POLVO";"PRELAVADOR";"FABRIC TREATMENT";"PRE LAVADOR";1;"7501080900585"
"JABONERA LA ESPUMA";"BANDERA";"B'CLORHADA CLORO EN GEL+ DETERGENTE FLORAL BP 1LT NAL 7501681100254";"GEL";"CLORO";"CLORO";"MULTIUSOS";1;"7501681100254"
"JABONERA LA ESPUMA";"BANDERA";"B'CLORHADA CLORO EN GEL+DETERGENTE FLORAL BOT 2LT NAL 7501681100292";"GEL";"CLORO";"CLORO";"MULTIUSOS";1;"7501681100292"
"JABONERA LA ESPUMA";"BANDERA";"B'CLORHADA CLORO EN GEL + DETERGENTE FLORAL BOT 700ML NAL 7501681100384";"GEL";"CLORO";"CLORO";"MULTIUSOS";1;"7501681100384"
"JABONERA LA ESPUMA";"BANDERA";"B'CLORHADA CLORO EN GEL+DETERGENTE BOTE 1LT 7501681100469";"GEL";"CLORO";"CLORO";"MULTIUSOS";1;"7501681100469"
"JABONERA LA ESPUMA";"BANDERA";"B'CLORHADA CLORO EN GEL+DETERGENTE RELAXING CITRUS BP 1LT 7501681100513";"GEL";"CLORO";"CLORO";"MULTIUSOS";1;"7501681100513"
"JABONERA LA ESPUMA";"BANDERA";"B'CLORHADA CLORO GEL+DET BOT 1LT+MM BLANQ CONCENT BOT 960 ML 7501681100643BP1";"GEL";"CLORO";"CLORO";"MULTIUSOS";1;"7501681100643BP1"
"JABONERA LA ESPUMA";"BCLORHADA";"BCLORHADA CLORO GEL+DETERG AROMATERAPIA MAGIA NAVIDENA BP1LT 7501681101299";"GEL";"CLORO";"CLORO";"MULTIUSOS";1;"7501681101299"
"OTHERS FABRICANTE UNIF.";"OTHERS MARCA UNIF.";"KUXTAL BIO BLANQUEADOR EN POLVO P/ROPA BOTE 500GR 7503025939353";"POLVO";"CLORO";"CLORO";"NO DEFINIDO";1;"7503025939353"
"IBERIA";"IBERIA";"IBERIA BLANCO NUCLEAR BLANQUEADOR REG CAJA 6SOB=120GR 8410907050053";"POLVO";"CLORO";"CLORO";"NO DEFINIDO";1;"8410907050053"
"IBERIA";"IBERIA";"9IBERIA BLANQUEADOR POLVO 250 GR IMP 8411660040503";"POLVO";"";"CLORO";"";1;"8411660040503"
"P&G";"TIDE";"9TIDE ADIVITO QUITAMANCHAS 220 GR 0037000213215";"POLVO";"SAFE BLEACH";"FABRIC TREATMENT";"OTR. TIPOS";1;"0037000213215"
"P&G";"TIDE";"9TIDE BOOST VIVID WHITE + BRIGHT BOL 18CAP = 400GR IMP 0037000830870";"POLVO";"SAFE BLEACH";"FABRIC TREATMENT";"OTR. TIPOS";1;"0037000830870"
"P&G";"TIDE";"TIDE MULTI PURPOSE OXI STAIN REMOVER BOT 1.72KG 0037000889281";"POLVO";"SAFE BLEACH";"FABRIC TREATMENT";"OTR. TIPOS";1;"0037000889281"
"SC JOHNSON";"SHOUT";"SHOUT ADVANCED LAUNDRY STAIN REMOVER ULTRA CONC GEL BOT246GR 0046500022692";"GEL";"SAFE BLEACH";"FABRIC TREATMENT";"PRE LAVADOR";1;"0046500022692"
"SC JOHNSON";"SHOUT";"SHOUT ADVANCED LAUNDRY STAIN REMOVER GEL BOT C/ATOM 414ML 0046500222979";"GEL";"SAFE BLEACH";"FABRIC TREATMENT";"PRE LAVADOR";1;"0046500222979"
"FAB. DE JABON LA REINERA";"MARIPOSA";"MARIPOSA POLVO 500GR 0602925200031";"POLVO";"SAFE BLEACH";"FABRIC TREATMENT";"PRE LAVADOR";1;"0602925200031"
"CHURCH & DWIGHT";"OXI CLEAN";"OXI CLEAN MAX FORCE GEL STICK REMOVEDOR D/MANCHAS 1PZA 175GR 0757037513552";"GEL";"SAFE BLEACH";"FABRIC TREATMENT";"PRE LAVADOR";1;"0757037513552"
"CHURCH & DWIGHT";"OXI CLEAN";"9OXI CLEAN ELIMINADOR D/MANCHAS BOTE PLAST. 1580 GR IMP. 0757037514016BP1";"POLVO";"SAFE BLEACH";"FABRIC TREATMENT";"QUITAMANCHAS";1;"0757037514016BP1"
"CHURCH & DWIGHT";"OXI CLEAN";"OXI CLEAN REMOVEDOR DE MANCHAS BOT. 453 GR 0757037517499";"POLVO";"SAFE BLEACH";"FABRIC TREATMENT";"OTR. TIPOS";1;"0757037517499"
"CHURCH & DWIGHT";"OXI CLEAN";"9OXICLEAN ELIMINADOR DE MANCHAS BOTE 750 GR IMP 0757037517611";"POLVO";"SAFE BLEACH";"FABRIC TREATMENT";"PRE LAVADOR";1;"0757037517611"
"GRUPO AC MARCAS";"SANYTOL";"SANYTOL QUITAMANCHAS DESINFECTANTE POLVO BOT 450GR 3045206382007";"POLVO";"SAFE BLEACH";"FABRIC TREATMENT";"PRE LAVADOR";1;"3045206382007"
"DELTA PRONATURA";"DR.BECKMANN";"DR BECKMANN POLVO QUITA DESTINIDO CJ C/2 BOL 75GC/U=150GRS 4008455427614";"POLVO";"SAFE BLEACH";"FABRIC TREATMENT";"PRE LAVADOR";1;"4008455427614"
"DELTA PRONATURA";"DR.BECKMANN";"DR BECKMANN QUITAMANCHASINTENSO ROPABLANCAYCOLOR SACHET100GR 4008455457710";"POLVO";"SAFE BLEACH";"FABRIC TREATMENT";"PRE LAVADOR";1;"4008455457710"
"DELTA PRONATURA";"DR.BECKMANN";"DR BECKMANN JABON MAGICO QUITAMANCHAS BARRA 100 GR 4008455476711";"BARRA";"SAFE BLEACH";"FABRIC TREATMENT";"PRE LAVADOR";1;"4008455476711"
"DELTA PRONATURA";"DR.BECKMANN";"DR BECKMANN QUITAMANCHAS INTENSO ROPABLANCAYCOLOR SOBRE 80GR 4008455567013";"POLVO";"SAFE BLEACH";"FABRIC TREATMENT";"PRE LAVADOR";1;"4008455567013"
"INDS. ALEN";"CLORALEX";"CLORALEX ESFERAS ROPA COLOR BOTE 500GR NAL 7501025400989";"POLVO";"SAFE BLEACH";"FABRIC TREATMENT";"PRE LAVADOR";1;"7501025400989"
"INDS. ALEN";"CLORALEX";"CLORALEX ESFERAS ROPA DE COLOR QUITAMANCHAS BOTE 1000 GR 7501025400996";"POLVO";"SAFE BLEACH";"FABRIC TREATMENT";"ROPA COLOR";1;"7501025400996"
"INDS. ALEN";"CLORALEX";"CLORALEX  PODER OXIGENO ULTRAGEL QUITAMANCHAS BOLSA 450 ML 7501025401832";"GEL";"SAFE BLEACH";"FABRIC TREATMENT";"PRE LAVADOR";1;"7501025401832"
"INDS. ALEN";"CLORALEX";"CLORALEX PODER OXIGENO ULTRAGEL QUITAMANCHAS BOLSA 750 ML 7501025401849";"GEL";"SAFE BLEACH";"FABRIC TREATMENT";"PRE LAVADOR";1;"7501025401849"
"INDS. ALEN";"CLORALEX";"CLORALEX PODER  OXIGENO ULTRAGEL QUITAMANCHAS BOT 950 ML 7501025401856";"GEL";"SAFE BLEACH";"FABRIC TREATMENT";"PRE LAVADOR";1;"7501025401856"
"INDS. ALEN";"CLORALEX";"CLORALEX PODER OXIGENO  ULTRAGEL  QUITAMANCHAS BOT 1.5 LT 7501025401863";"GEL";"SAFE BLEACH";"FABRIC TREATMENT";"PRE LAVADOR";1;"7501025401863"
"INDS. ALEN";"CLORALEX";"CLORALEX  PODER VINAGRE ULTRAGEL QUITAMANCHAS BOLSA 450 ML 7501025401887";"GEL";"SAFE BLEACH";"FABRIC TREATMENT";"PRE LAVADOR";1;"7501025401887"
"INDS. ALEN";"CLORALEX";"CLORALEX PODER VINAGRE ULTRAGEL QUITAMANCHAS BOLSA 750 ML 7501025401894";"GEL";"SAFE BLEACH";"FABRIC TREATMENT";"PRE LAVADOR";1;"7501025401894"
"INDS. ALEN";"CLORALEX";"CLORALEX PODER  VINAGRE ULTRAGEL QUITAMANCHAS BOT 950 ML 7501025401900";"GEL";"SAFE BLEACH";"FABRIC TREATMENT";"PRE LAVADOR";1;"7501025401900"
"INDS. ALEN";"CLORALEX";"CLORALEX PODER VINAGRE ULTRAGEL  QUITAMANCHAS BOT 1.5 LT 7501025401917";"GEL";"SAFE BLEACH";"FABRIC TREATMENT";"PRE LAVADOR";1;"7501025401917"
"CHURCH & DWIGHT";"OXI CLEAN";"OXI CLEAN QUITAMANCHAS VERSATIL SOBRE 220 GR 7501080900134";"POLVO";"SAFE BLEACH";"FABRIC TREATMENT";"PRE LAVADOR";1;"7501080900134"
"CHURCH & DWIGHT";"OXI CLEAN";"OXI CLEAN QUITAMANCHAS VERSATIL SOBRE 420 GR 7501080900141";"POLVO";"SAFE BLEACH";"FABRIC TREATMENT";"PRE LAVADOR";1;"7501080900141"
"CHURCH & DWIGHT";"OXI CLEAN";"OXI CLEAN QUITAMANCHAS VERSATIL SOBRE 860 GR 7501080900158";"POLVO";"SAFE BLEACH";"FABRIC TREATMENT";"PRE LAVADOR";1;"7501080900158"
"CHURCH & DWIGHT";"OXI CLEAN";"OXI CLEAN QUITAMANCHAS VERSATIL SOBRE 110 GR 7501080900165";"POLVO";"SAFE BLEACH";"FABRIC TREATMENT";"PRE LAVADOR";1;"7501080900165"
"CHURCH & DWIGHT";"OXI CLEAN";"OXICLEAN GEL REMOVEDOR DE MANCHAS LIQ BOT 1.6 LT 7501080952386";"GEL";"SAFE BLEACH";"FABRIC TREATMENT";"PRE LAVADOR";1;"7501080952386"
"CHURCH & DWIGHT";"OXI CLEAN";"OXICLEAN POLVO BOTE 420 GR 7501080952973";"POLVO";"SAFE BLEACH";"FABRIC TREATMENT";"PRE LAVADOR";1;"7501080952973"
"CHURCH & DWIGHT";"OXI CLEAN";"OXICLEAN POLVO BOTE 900GR +300GR= 1200 GR 7501080952980";"POLVO";"SAFE BLEACH";"FABRIC TREATMENT";"PRE LAVADOR";1;"7501080952980"
"CHURCH & DWIGHT";"OXI CLEAN";"OXICLEAN POLVO BOTE 2.27 KG 7501080952997";"POLVO";"SAFE BLEACH";"FABRIC TREATMENT";"PRE LAVADOR";1;"7501080952997"
"CHURCH & DWIGHT";"OXI CLEAN";"OXI CLEAN ULTRA QUITAMANCHAS GEL BOL 200ML 7501080954786";"GEL";"SAFE BLEACH";"FABRIC TREATMENT";"PRE LAVADOR";1;"7501080954786"
"CHURCH & DWIGHT";"OXI CLEAN";"OXI CLEAN ULTRA QUITAMANCHAS GEL BOL 600ML 7501080954793";"GEL";"SAFE BLEACH";"FABRIC TREATMENT";"PRE LAVADOR";1;"7501080954793"
"CHURCH & DWIGHT";"OXI CLEAN";"OXI CLEAN QUITAMANCHAS BOTE 2.27GR C/G CUBETA 7501080955028";"POLVO";"SAFE BLEACH";"FABRIC TREATMENT";"OTR. TIPOS";1;"7501080955028"
"CHURCH & DWIGHT";"OXI CLEAN";"OXI CLEAN ULTRA QUITAMANCHAS GEL BOT PLAS 2LT 7501080955103";"GEL";"SAFE BLEACH";"FABRIC TREATMENT";"PRE LAVADOR";1;"7501080955103"
"CHURCH & DWIGHT";"OXI CLEAN";"OXI CLEAN QUITAMANCHAS VERSATIL SOBRE 140GR 7501080955530";"POLVO";"SAFE BLEACH";"FABRIC TREATMENT";"PRE LAVADOR";1;"7501080955530"
"CHURCH & DWIGHT";"OXI CLEAN";"OXI CLEAN QUITAMANCHASVERSATIL CAJA 2.770GR C/G 500GR=3270GR 7501080955554";"POLVO";"SAFE BLEACH";"FABRIC TREATMENT";"OTR. TIPOS";1;"7501080955554"
"CHURCH & DWIGHT";"OXI CLEAN";"OXICLEAN QUITAMAN VERSATIL BTE1.20KG C/G A&H DETER LIQ 900ML 7501080955561BP1";"POLVO";"SAFE BLEACH";"FABRIC TREATMENT";"OTR. TIPOS";1;"7501080955561BP1"
"CHURCH & DWIGHT";"OXI CLEAN";"OXICLEAN ULT BOL200MG/CARM&HLIMPFRESBT4.65LG/CMMVERS SOB140G 7501080955721BP2";"GEL";"SAFE BLEACH";"FABRIC TREATMENT";"OTR. TIPOS";1;"7501080955721BP2"
"CHURCH & DWIGHT";"OXI CLEAN";"OXICLEAN VERS SOB140GG/CARM&HLIMPFRESBT4.65LC/GMMULT BOL200M 7501080955721BP3";"POLVO";"SAFE BLEACH";"FABRIC TREATMENT";"OTR. TIPOS";1;"7501080955721BP3"
"CHURCH & DWIGHT";"OXI CLEAN";"OXICLEAN ULT BOL900MLG/CARM&HAMMER LIMPIEZA FRESCA BOT4.65LT 7501080955776BP2";"GEL";"SAFE BLEACH";"FABRIC TREATMENT";"OTR. TIPOS";1;"7501080955776BP2"
"CHURCH & DWIGHT";"OXI CLEAN";"OXICLEAN ULT BOL600MLG/CARM&HAMMER LIMPIEZA FLORAL BOT4.65LT 7501080955783BP2";"GEL";"SAFE BLEACH";"FABRIC TREATMENT";"OTR. TIPOS";1;"7501080955783BP2"
"CHURCH & DWIGHT";"OXI CLEAN";"OXICLEANQUITAMANVERSATILBOTE1.2KGC/GSINMARCACEPILLOP/LAV1PZA 7501080955899BP1";"POLVO";"SAFE BLEACH";"FABRIC TREATMENT";"PRE LAVADOR";1;"7501080955899BP1"
"CHURCH & DWIGHT";"OXI CLEAN";"OXICLEAN QUITAM VERSATIL PREC/ESP ENV.PLAS 2 420GRC/U=840GR 7502271940007";"POLVO";"SAFE BLEACH";"FABRIC TREATMENT";"OTR. TIPOS";1;"7502271940007"
"DELTA PRONATURA";"DR.BECKMANN";"DR BECKMANN OXI MAGIC PLUS QUITAMANCHAS BOTE 1KG 7502275145897";"POLVO";"SAFE BLEACH";"FABRIC TREATMENT";"PRE LAVADOR";1;"7502275145897"
"CLOROX";"CLOROX";"CLOROX ROPA COLORES ULTRA QUITAMANCHAS BOL 90GR 7702137007145";"POLVO";"SAFE BLEACH";"FABRIC TREATMENT";"ROPA COLOR";1;"7702137007145"
"CLOROX";"CLOROX";"CLOROX ROPA BLANCOS ULTRA QUITAMANCHAS BOL 450GR 7702137007152";"POLVO";"SAFE BLEACH";"FABRIC TREATMENT";"BLANCO";1;"7702137007152"
"CLOROX";"CLOROX";"CLOROX ROPA COLORES ULTRA QUITAMANCHAS BOL 450GR 7702137007169";"POLVO";"SAFE BLEACH";"FABRIC TREATMENT";"PRE LAVADOR";1;"7702137007169"
"CLOROX";"CLOROX";"CLOROX ROPA BLANCOS ULTRA QUITAMANCHAS BOL 900GR 7702137007176";"POLVO";"SAFE BLEACH";"FABRIC TREATMENT";"BLANCO";1;"7702137007176"
"CLOROX";"CLOROX";"CLOROX ROPA COLORES ULTRA QUITAMANCHAS BOL 900GR 7702137007183";"POLVO";"SAFE BLEACH";"FABRIC TREATMENT";"PRE LAVADOR";1;"7702137007183"
"RECKITT";"VANISH PODER 02";"VANISH SUPER BARRA ROSA 20%MAS=81GR 7501058712745";"BARRA";"SAFE BLEACH";"FABRIC TREATMENT";"ROSA";1;"7501058712745"
"RECKITT";"VANISH";"VANISH OXI ACTION QUITAMANCHAS P/ROPA BOTE 240G 7501058712813";"POLVO";"SAFE BLEACH";"FABRIC TREATMENT";"ROSA";1;"7501058712813"
"RECKITT";"VANISH";"VANISH OXI ACTION ROSA QUITA MANCHAS PARA LA ROPA BOT 150GR 7501058713780";"POLVO";"SAFE BLEACH";"FABRIC TREATMENT";"ROSA";1;"7501058713780"
"RECKITT";"VANISH";"VANISH SUPER BARRA QUITA MANCHAS 68GR 7501058714596";"BARRA";"SAFE BLEACH";"FABRIC TREATMENT";"ROSA";1;"7501058714596"
"RECKITT";"VANISH PODER 02";"VANISH OXI ACTION ROSA QUITA MANCHAS PACK 2 BOT 450GR C/U 7501058714909";"POLVO";"SAFE BLEACH";"FABRIC TREATMENT";"ROSA";1;"7501058714909"
"RECKITT";"VANISH PODER 02";"VANISH CRISTAL WHITE SUPER BARRA 20%MAS=81G 7501058714954";"BARRA";"SAFE BLEACH";"FABRIC TREATMENT";"BLANCO";1;"7501058714954"
"RECKITT";"VANISH";"VANISH OXI ACTION CRISTAL WHITE BOT 150GR 7501058715012";"POLVO";"SAFE BLEACH";"FABRIC TREATMENT";"BLANCO";1;"7501058715012"
"RECKITT";"VANISH";"VANISH OXI ACTION QUITA MANCHAS BOT 240GR 7501058715098";"POLVO";"SAFE BLEACH";"FABRIC TREATMENT";"BLANCO";1;"7501058715098"
"RECKITT";"VANISH";"VANISH COLOR QUITAMANCHAS GEL DOYPACK 150ML 7501058715531";"GEL";"SAFE BLEACH";"FABRIC TREATMENT";"ROSA";1;"7501058715531"
"RECKITT";"VANISH";"VANISH OXI ACTION GOLD QUITAMANCHAS BOLSA 1.8KG 7501058715883";"POLVO";"SAFE BLEACH";"FABRIC TREATMENT";"ROSA";1;"7501058715883"
"RECKITT";"VANISH";"VANISH OXI ACTION CRISTAL WHITE BOLSA 1.8KG 7501058715890";"POLVO";"SAFE BLEACH";"FABRIC TREATMENT";"BLANCO";1;"7501058715890"
"RECKITT";"VANISH PODER 02";"VANISH SUPER BARRA GOLD QUITAMA C/ENZIMA 2PZAS 68GRC/U=136GR 7501058716040";"BARRA";"SAFE BLEACH";"FABRIC TREATMENT";"ROSA";1;"7501058716040"
"RECKITT";"VANISH";"VANISH OXI ACTION ROSA QUITA/MANCHAS P/ROPA BOT 810GR 7501058716064";"POLVO";"SAFE BLEACH";"FABRIC TREATMENT";"ROSA";1;"7501058716064"
"RECKITT";"VANISH";"VANISH OXI ACTION CRISTAL WHITE QUITAMANCHAS P/ROPA BOT810GR 7501058716071";"POLVO";"SAFE BLEACH";"FABRIC TREATMENT";"BLANCO";1;"7501058716071"
"RECKITT";"VANISH";"VANISH OXI ACTION GOLD QUITAMANCHA AHORRO DEL 30% BOT 400GR 7501058716422";"POLVO";"SAFE BLEACH";"FABRIC TREATMENT";"ROSA";1;"7501058716422"
"RECKITT";"VANISH";"VANISH OXI ACTION GOLD QUITAMANCHAS AHORRO DEL 25% BOT 500GR 7501058716439";"POLVO";"SAFE BLEACH";"FABRIC TREATMENT";"ROSA";1;"7501058716439"
"RECKITT";"VANISH";"VANISH OXI ACTION CRISTAL WHITE AHORRO DEL 25% BOT 500GR 7501058716446";"POLVO";"SAFE BLEACH";"FABRIC TREATMENT";"BLANCO";1;"7501058716446"
"RECKITT";"VANISH";"VANISH ROSA QUITAMANCHAS GEL BOT 3.8 LT PROM ESP 7501058716767";"GEL";"SAFE BLEACH";"FABRIC TREATMENT";"ROSA";1;"7501058716767"
"RECKITT";"VANISH";"VANISH CRYSTAL WHITE QUITAMANCHAS GEL BOT 3.8 LT PROM ESP 7501058716798";"GEL";"SAFE BLEACH";"FABRIC TREATMENT";"BLANCO";1;"7501058716798"
"RECKITT";"VANISH";"VANISH OXI ACTION ROSA QUITAMANCHAS BOT 120GR 7501058717009";"POLVO";"SAFE BLEACH";"FABRIC TREATMENT";"ROSA";1;"7501058717009"
"RECKITT";"VANISH";"VANISH OXI ACTION CRISTAL WHITE BOT 120 GR 7501058717016";"POLVO";"SAFE BLEACH";"FABRIC TREATMENT";"BLANCO";1;"7501058717016"
"RECKITT";"VANISH";"VANISH ROSA QUITAMANCHAS GEL MULTIUSOS POUCH 450 ML 7501058717023";"GEL";"SAFE BLEACH";"FABRIC TREATMENT";"ROSA";1;"7501058717023"
"RECKITT";"VANISH";"VANISH CRYSTAL WHITE QUITAMANCHAS GEL POUCH 450 ML 7501058717030";"GEL";"SAFE BLEACH";"FABRIC TREATMENT";"BLANCO";1;"7501058717030"
"RECKITT";"VANISH PODER 02";"VANISH EXTRA-HIGIENE PODER 02 BOTE 420GR 7501058753212";"POLVO";"SAFE BLEACH";"FABRIC TREATMENT";"ROSA";1;"7501058753212"
"RECKITT";"VANISH";"VANISH EXTRA-HIGIENE PODER 02 BOTE 870GR 7501058753304";"POLVO";"SAFE BLEACH";"FABRIC TREATMENT";"ROSA";1;"7501058753304"
"RECKITT";"VANISH";"VANISH PODER O2 DOYPACK 120 GR 7501058753441";"POLVO";"SAFE BLEACH";"FABRIC TREATMENT";"ROSA";1;"7501058753441"
"RECKITT";"VANISH";"VANISH PODER O2 CRYSTAL WHITE DOYPACK 120 GR 7501058753458";"POLVO";"SAFE BLEACH";"FABRIC TREATMENT";"BLANCO";1;"7501058753458"
"RECKITT";"VANISH";"VANISH PODER02 CRYSTAL WHITE S/C PVO. ROPA TARRO PLAST.900GR 7501058757449";"POLVO";"SAFE BLEACH";"FABRIC TREATMENT";"BLANCO";1;"7501058757449"
"RECKITT";"VANISH PODER 02";"9VANISH PODER O2 BOTE  500 GR IMP 7501058757722";"POLVO";"SAFE BLEACH";"FABRIC TREATMENT";"ROSA";1;"7501058757722"
"RECKITT";"VANISH PODER 02";"VANISH PODER O2 REMOVEDOR DE MANCHAS BOT 1000 GR NAL 7501058757753";"POLVO";"SAFE BLEACH";"FABRIC TREATMENT";"ROSA";1;"7501058757753"
"RECKITT";"VANISH";"VANISH PODER O2 GEL BOTELLA   500 ML 7501058757838";"GEL";"SAFE BLEACH";"FABRIC TREATMENT";"ROSA";1;"7501058757838"
"RECKITT";"VANISH";"VANISH PODER O2 CRYSTAL WHITE BOTE 450  GR 7501058757890";"POLVO";"SAFE BLEACH";"FABRIC TREATMENT";"BLANCO";1;"7501058757890"
"RECKITT";"VANISH";"VANISH PODER O2 CRYSTAL WHITE BOTE 1000 GR 7501058757906";"POLVO";"SAFE BLEACH";"FABRIC TREATMENT";"BLANCO";1;"7501058757906"
"RECKITT";"VANISH";"VANISH OXI ACTION QUITAMANCHAS BOT 450G C/GMM BOT 150GR 7501058782694BP1";"POLVO";"SAFE BLEACH";"FABRIC TREATMENT";"ROSA";1;"7501058782694BP1"
"RECKITT";"VANISH CRYSTAL WHITE";"VANISH ROSA BOTE 450GR + MM WHITE BOTE 450GR NAL 7501058783332BP2";"POLVO";"SAFE BLEACH";"FABRIC TREATMENT";"ROSA";1;"7501058783332BP2"
"RECKITT";"VANISH PODER 02";"VANISH PODER O2 CRYSTAL WHITE BOT 900ML+MM ROSA PVO.BOT900GR 7501058783349BP1";"POLVO";"SAFE BLEACH";"FABRIC TREATMENT";"BLANCO";1;"7501058783349BP1"
"RECKITT";"VANISH";"VANISH PODER 02 INTELLIGENCE POLVO BOT 900 GR NAL 7501058784346";"POLVO";"SAFE BLEACH";"FABRIC TREATMENT";"ROSA";1;"7501058784346"
"RECKITT";"VANISH";"VANISH INTELLIGENCE POLVO BOTE 450 GR NAL 7501058784353";"POLVO";"SAFE BLEACH";"FABRIC TREATMENT";"ROSA";1;"7501058784353"
"RECKITT";"VANISH PODER 02";"VANISH PODER O2 INTELLIGENCE G/33% BOTE PLAST 420GR 7501058785688";"POLVO";"SAFE BLEACH";"FABRIC TREATMENT";"ROSA";1;"7501058785688"
"RECKITT";"VANISH CRYSTAL WHITE";"VANISH PODER O2 INTELIGENTE CRYSTAL WHITE G/33% BOTE 380GR 7501058785695";"POLVO";"SAFE BLEACH";"FABRIC TREATMENT";"BLANCO";1;"7501058785695"
"RECKITT";"VANISH";"VANISH PODER O2 BOTE 200 GR 7501058786043";"POLVO";"SAFE BLEACH";"FABRIC TREATMENT";"ROSA";1;"7501058786043"
"RECKITT";"VANISH";"VANISH PODER O2 MAX BOTE 1000GRC/GMM BOT.ATOM 650ML 7501058787637";"POLVO";"SAFE BLEACH";"FABRIC TREATMENT";"ROSA";1;"7501058787637"
"RECKITT";"VANISH";"VANISH ROSA QUITAMANCHAS BOT 450 GR C/G MM BOT 240GR 7501058790415BP1";"POLVO";"SAFE BLEACH";"FABRIC TREATMENT";"ROSA";1;"7501058790415BP1"
"RECKITT";"VANISH CRYSTAL WHITE";"VANISH CRYSTAL WHITE QUITAMANCHAS PACK BOT 450G C/MM BOT150G 7501058790705BP2";"POLVO";"SAFE BLEACH";"FABRIC TREATMENT";"BLANCO";1;"7501058790705BP2"
"RECKITT";"VANISH PODER 02";"VANISH OXI ACTION QUITAMANCHAS BOT900G C/GPLANCHYTEXBOT650ML 7501058791443";"POLVO";"SAFE BLEACH";"FABRIC TREATMENT";"ROSA";1;"7501058791443"
"RECKITT";"VANISH";"VANISH OXIACTION CRISTAL WHITE BOTE 450GR C/GMM BOT 240 GR 7501058791658BP1";"POLVO";"SAFE BLEACH";"FABRIC TREATMENT";"BLANCO";1;"7501058791658BP1"
"RECKITT";"VANISH";"VANISHOXIACTIONROSABOTE900GR+MMCRYSTALWHITEDOYPACK120GRPVP 7501058792778BP1";"POLVO";"SAFE BLEACH";"FABRIC TREATMENT";"ROSA";1;"7501058792778BP1"
"RECKITT";"VANISH";"VANISHOXIACTIONCRYSTALWHITEDOYPACK120GR+MMROSABOTE900GRPVP 7501058792778BP2";"POLVO";"SAFE BLEACH";"FABRIC TREATMENT";"BLANCO";1;"7501058792778BP2"
"RECKITT";"VANISH";"VANISHOXIACTIONCRYSTALWHITEBOTE900GR+MMROSADOYPACK120GRPVP 7501058792808BP1";"POLVO";"SAFE BLEACH";"FABRIC TREATMENT";"BLANCO";1;"7501058792808BP1"
"RECKITT";"VANISH";"VANISHOXIACTIONROSADOYPACK120GR+MMCRYSTALWHITEBOTE900GRPVP 7501058792808BP2";"POLVO";"SAFE BLEACH";"FABRIC TREATMENT";"ROSA";1;"7501058792808BP2"
"RECKITT";"VANISH";"VANISH GEL ROSA BOT 4LT + MM CRYSTAL WHITE POUCH 600ML PVP 7501058794949BP1";"GEL";"SAFE BLEACH";"FABRIC TREATMENT";"ROSA";1;"7501058794949BP1"
"RECKITT";"VANISH";"VANISH GEL CRYSTAL WHITE POUCH 600ML + MM ROSA BOT 4LT PVP 7501058794949BP2";"GEL";"SAFE BLEACH";"FABRIC TREATMENT";"BLANCO";1;"7501058794949BP2"
"RECKITT";"VANISH";"VANISH GEL CRYSTAL WHITE BOT 4LT + MM ROSA POUCH 650ML PVP 7501058794956BP1";"GEL";"SAFE BLEACH";"FABRIC TREATMENT";"BLANCO";1;"7501058794956BP1"
"RECKITT";"VANISH";"VANISH GEL ROSA POUCH 650ML + MM CRYSTAL WHITE BOT 4LT PVP 7501058794956BP2";"GEL";"SAFE BLEACH";"FABRIC TREATMENT";"ROSA";1;"7501058794956BP2"
"RECKITT";"VANISH";"VANISHOXIACTIONGOLDROSABOT900GR+MMCRYSTALWHITEBOT150GR PVP 7501058794963BP1";"POLVO";"SAFE BLEACH";"FABRIC TREATMENT";"ROSA";1;"7501058794963BP1"
"RECKITT";"VANISH";"VANISHOXIACTIONGOLDCRYSTALWHITEBOT150GR+MMROSABOT900GR PVP 7501058794963BP2";"POLVO";"SAFE BLEACH";"FABRIC TREATMENT";"BLANCO";1;"7501058794963BP2"
"RECKITT";"VANISH";"VANISHOXIACTIONGOLDCRYSTALWHITEBOT900GR+MMROSABOT150GR PVP 7501058794970BP1";"POLVO";"SAFE BLEACH";"FABRIC TREATMENT";"BLANCO";1;"7501058794970BP1"
"RECKITT";"VANISH";"VANISHOXIACTIONGOLDROSABOT150GR+MMCRYSTALWHITEBOT900GR PVP 7501058794970BP2";"POLVO";"SAFE BLEACH";"FABRIC TREATMENT";"ROSA";1;"7501058794970BP2"
"RECKITT";"VANISH";"VANISH GEL MULTIUSO BOT 925ML+MM CRYSTAL WHITE GEL BOT 900ML 7501058796578BP1";"GEL";"SAFE BLEACH";"FABRIC TREATMENT";"ROSA";1;"7501058796578BP1"
"RECKITT";"VANISH";"VANISH CRYSTAL WHITE GEL BOT 900ML+MM GEL MULTIUSO BOT 925ML 7501058796578BP2";"GEL";"SAFE BLEACH";"FABRIC TREATMENT";"BLANCO";1;"7501058796578BP2"
"RECKITT";"VANISH";"VANISH GEL MULTIUSO PROMO PACK 2 BOT 925 ML C/U=1.85 LT 7501058796585";"GEL";"SAFE BLEACH";"FABRIC TREATMENT";"ROSA";1;"7501058796585"
"RECKITT";"VANISH";"VANISH SUPERBARRAGOLDC/ENZIMA SUPERPRECIO 2PZAS68GRC/U=136GR 7501058796837";"BARRA";"SAFE BLEACH";"FABRIC TREATMENT";"ROSA";1;"7501058796837"
"RECKITT";"VANISH";"VANISH SUPER BARRA WHITE GOLD SUPERPRECIO 2PZAS68GRC/U=136GR 7501058796844";"BARRA";"SAFE BLEACH";"FABRIC TREATMENT";"BLANCO";1;"7501058796844"
"RECKITT";"VANISH";"VANISH OXI ACTION GOLD SUPER BARRA JUMBO 110 GR 7501058796851";"BARRA";"SAFE BLEACH";"FABRIC TREATMENT";"ROSA";1;"7501058796851"
"RECKITT";"VANISH";"VANISH OXI ACTION GOLD SUPER BARRA WHITE JUMBO 110 GR 7501058796868";"BARRA";"SAFE BLEACH";"FABRIC TREATMENT";"BLANCO";1;"7501058796868"
"RECKITT";"VANISH";"VANISHOXIACTIONROSAGELDOYPACK500ML+PLANCHYTEXBOTC/ATOM650ML 7501058796950BP1";"GEL";"SAFE BLEACH";"FABRIC TREATMENT";"ROSA";1;"7501058796950BP1"
"RECKITT";"VANISH";"VANISH OXI ACTION GOLD QUITAMANCHAS SOBRE 30GR 7501058799876";"POLVO";"SAFE BLEACH";"FABRIC TREATMENT";"ROSA";1;"7501058799876"
"RECKITT";"VANISH";"VANISH PODER 02 INTELIGENCE SIN CLORO SOBRE 30 G IMP 7702626204208BP1";"POLVO";"SAFE BLEACH";"FABRIC TREATMENT";"ROSA";1;"7702626204208BP1"
"RECKITT";"VANISH";"VANISH OXI ACTION ROSA QUITAMANCHAS DOYPACK 240 GR 7702626213774";"POLVO";"SAFE BLEACH";"FABRIC TREATMENT";"ROSA";1;"7702626213774"
"RECKITT";"VANISH";"VANISH OXI ACTION CRISTAL WHITE DOYPACK 240 GR 7702626213781";"POLVO";"SAFE BLEACH";"FABRIC TREATMENT";"BLANCO";1;"7702626213781"
"RECKITT";"VANISH";"VANISH QUITAMANCHAS PRELAVADOR BARRA 75GR 7891035040191";"BARRA";"SAFE BLEACH";"FABRIC TREATMENT";"ROSA";1;"7891035040191"
"RECKITT";"VANISH";"VANISH SUPER BARRA WHITE QUITA MANCHAS 68GR 7891035040276";"BARRA";"SAFE BLEACH";"FABRIC TREATMENT";"BLANCO";1;"7891035040276"
